{
  "bands": {
    "affected_area_ha": {
      "n": 13353,
      "n_censored": 147,
      "r2": {
        "p10": 0.9328,
        "p50": 0.9315,
        "p90": 0.925
      },
      "mae": {
        "p10": 3.9517,
        "p50": 7.9579,
        "p90": 12.1699
      },
      "r2_p50_per_fold": [
        0.9537,
        0.9364,
        0.9177,
        0.8791,
        0.9403
      ],
      "coverage": {
        "rows_eval": 0.9304,
        "scenarios_eval": 0.8189,
        "tail_top5_rows": 0.8108,
        "per_cell_rows": {
          "fractured|sulfate_mg_l": 0.926,
          "fractured|tds_mg_l": 0.927,
          "fractured|uranium_ppb": 0.944,
          "porous|sulfate_mg_l": 0.934,
          "porous|tds_mg_l": 0.942,
          "porous|uranium_ppb": 0.909
        }
      },
      "deltas": {
        "fractured|sulfate_mg_l": 0.50437,
        "fractured|tds_mg_l": 0.43526,
        "fractured|uranium_ppb": 0.25381,
        "porous|sulfate_mg_l": 0.57043,
        "porous|tds_mg_l": 0.50583,
        "porous|uranium_ppb": 0.17217
      }
    },
    "max_migration_distance_m": {
      "n": 13353,
      "n_censored": 147,
      "r2": {
        "p10": 0.8455,
        "p50": 0.835,
        "p90": 0.9193
      },
      "mae": {
        "p10": 55.8973,
        "p50": 130.4215,
        "p90": 133.2912
      },
      "r2_p50_per_fold": [
        0.8604,
        0.8412,
        0.8223,
        0.7895,
        0.8489
      ],
      "coverage": {
        "rows_eval": 0.9336,
        "scenarios_eval": 0.8048,
        "tail_top5_rows": 0.8228,
        "per_cell_rows": {
          "fractured|sulfate_mg_l": 0.93,
          "fractured|tds_mg_l": 0.921,
          "fractured|uranium_ppb": 0.941,
          "porous|sulfate_mg_l": 0.941,
          "porous|tds_mg_l": 0.95,
          "porous|uranium_ppb": 0.919
        }
      },
      "deltas": {
        "fractured|sulfate_mg_l": 0.70263,
        "fractured|tds_mg_l": 0.35167,
        "fractured|uranium_ppb": 0.20516,
        "porous|sulfate_mg_l": 0.75834,
        "porous|tds_mg_l": 0.51324,
        "porous|uranium_ppb": 0.10626
      }
    },
    "compliance_conc": {
      "n": 13500,
      "n_censored": 0,
      "r2": {
        "p10": 0.7813,
        "p50": 0.7832,
        "p90": 0.7403
      },
      "mae": {
        "p10": 341.5375,
        "p50": 576.4969,
        "p90": 948.1719
      },
      "r2_p50_per_fold": [
        0.6403,
        0.8961,
        0.8362,
        0.7437,
        0.9037
      ],
      "coverage": {
        "rows_eval": 0.9412,
        "scenarios_eval": 0.8422,
        "tail_top5_rows": 0.8462,
        "per_cell_rows": {
          "fractured|sulfate_mg_l": 0.918,
          "fractured|tds_mg_l": 0.931,
          "fractured|uranium_ppb": 0.926,
          "porous|sulfate_mg_l": 0.957,
          "porous|tds_mg_l": 0.961,
          "porous|uranium_ppb": 0.949
        }
      },
      "deltas": {
        "fractured|sulfate_mg_l": 0.74952,
        "fractured|tds_mg_l": 0.42221,
        "fractured|uranium_ppb": 1.89673,
        "porous|sulfate_mg_l": 1.25385,
        "porous|tds_mg_l": 0.69479,
        "porous|uranium_ppb": 1.61495
      }
    }
  },
  "stress_polygon_cv": {
    "affected_area_ha": {
      "r2_p50": 0.9148,
      "mae_p50": 8.4831,
      "n_polygons": 23
    },
    "max_migration_distance_m": {
      "r2_p50": 0.8329,
      "mae_p50": 131.7922,
      "n_polygons": 23
    },
    "compliance_conc": {
      "r2_p50": 0.7803,
      "mae_p50": 587.0854,
      "n_polygons": 23
    }
  },
  "config": {
    "n_splits": 5,
    "alpha": 0.2,
    "features": [
      "regime_is_fractured",
      "K_m_day",
      "gradient_i",
      "phi_mobile",
      "phi_total",
      "darcy_flux_q",
      "seepage_velocity_v",
      "Kd_L_kg",
      "retardation_Rd",
      "contaminant_velocity_vc",
      "alpha_L",
      "alpha_T",
      "anisotropy_ratio",
      "D_L",
      "D_T",
      "peclet_L",
      "pore_volumes_PV",
      "dimensionless_time_tau",
      "dual_porosity_beta",
      "Q_in_m3_day",
      "bleed_fraction",
      "Q_net_m3_day",
      "containment_eta",
      "operation_days",
      "wellfield_width_m",
      "source_conc_C0",
      "background_conc_Cb",
      "downtime_fraction",
      "gradient_seasonal_amp",
      "restoration_years",
      "residual_fraction",
      "Xc_m",
      "Xc_clean_m",
      "time_years",
      "is_post_closure",
      "is_uranium_ppb",
      "is_sulfate_mg_l",
      "is_tds_mg_l"
    ],
    "n_constrained_per_target": {
      "affected_area_ha": 24,
      "max_migration_distance_m": 24,
      "compliance_conc": 21,
      "excursion_probability": 24
    },
    "xgb_params": {
      "n_estimators": 450,
      "max_depth": 5,
      "learning_rate": 0.05,
      "subsample": 0.85,
      "colsample_bytree": 0.85,
      "reg_lambda": 1.5,
      "tree_method": "hist",
      "random_state": 42
    }
  },
  "pex": {
    "n": 13500,
    "r2": 0.9447,
    "mae": 0.0551
  },
  "monotonicity_on_manifold": {
    "area_p50_vs_Q_in_at_fixed_Qnet": [
      31.8,
      36.6,
      38.37,
      38.89
    ],
    "area_p50_vs_bleed_at_fixed_Q_in": [
      70.39,
      36.98,
      30.17,
      29.84
    ],
    "qin_law_holds": true,
    "bleed_law_holds": true
  }
}