{
  "bands": {
    "affected_area_ha": {
      "n": 13328,
      "n_censored": 172,
      "r2": {
        "p10": 0.9049,
        "p50": 0.8692,
        "p90": 0.9043
      },
      "mae": {
        "p10": 4.2948,
        "p50": 8.2579,
        "p90": 12.147
      },
      "r2_p50_per_fold": [
        0.8092,
        0.8942,
        0.8677,
        0.9297,
        0.8562
      ],
      "coverage": {
        "rows_eval": 0.9342,
        "scenarios_eval": 0.8244,
        "tail_top5_rows": 0.8348,
        "per_cell_rows": {
          "fractured|sulfate_mg_l": 0.945,
          "fractured|tds_mg_l": 0.929,
          "fractured|uranium_ppb": 0.914,
          "porous|sulfate_mg_l": 0.961,
          "porous|tds_mg_l": 0.929,
          "porous|uranium_ppb": 0.928
        }
      },
      "deltas": {
        "fractured|sulfate_mg_l": 0.72589,
        "fractured|tds_mg_l": 0.5237,
        "fractured|uranium_ppb": 0.22993,
        "porous|sulfate_mg_l": 0.71849,
        "porous|tds_mg_l": 0.51308,
        "porous|uranium_ppb": 0.20331
      }
    },
    "max_migration_distance_m": {
      "n": 13328,
      "n_censored": 172,
      "r2": {
        "p10": 0.7992,
        "p50": 0.7916,
        "p90": 0.8929
      },
      "mae": {
        "p10": 59.8068,
        "p50": 131.2104,
        "p90": 138.1959
      },
      "r2_p50_per_fold": [
        0.7709,
        0.818,
        0.7935,
        0.7493,
        0.8014
      ],
      "coverage": {
        "rows_eval": 0.9369,
        "scenarios_eval": 0.8065,
        "tail_top5_rows": 0.8348,
        "per_cell_rows": {
          "fractured|sulfate_mg_l": 0.934,
          "fractured|tds_mg_l": 0.933,
          "fractured|uranium_ppb": 0.951,
          "porous|sulfate_mg_l": 0.935,
          "porous|tds_mg_l": 0.923,
          "porous|uranium_ppb": 0.944
        }
      },
      "deltas": {
        "fractured|sulfate_mg_l": 1.06535,
        "fractured|tds_mg_l": 0.50062,
        "fractured|uranium_ppb": 0.22429,
        "porous|sulfate_mg_l": 0.73365,
        "porous|tds_mg_l": 0.36124,
        "porous|uranium_ppb": 0.15227
      }
    },
    "compliance_conc": {
      "n": 13500,
      "n_censored": 0,
      "r2": {
        "p10": 0.8386,
        "p50": 0.6791,
        "p90": 0.7552
      },
      "mae": {
        "p10": 202.1765,
        "p50": 360.7198,
        "p90": 587.7661
      },
      "r2_p50_per_fold": [
        0.1816,
        0.7197,
        0.818,
        0.8009,
        0.8184
      ],
      "coverage": {
        "rows_eval": 0.9367,
        "scenarios_eval": 0.8511,
        "tail_top5_rows": 0.8698,
        "per_cell_rows": {
          "fractured|sulfate_mg_l": 0.919,
          "fractured|tds_mg_l": 0.929,
          "fractured|uranium_ppb": 0.93,
          "porous|sulfate_mg_l": 0.956,
          "porous|tds_mg_l": 0.944,
          "porous|uranium_ppb": 0.945
        }
      },
      "deltas": {
        "fractured|sulfate_mg_l": 0.78462,
        "fractured|tds_mg_l": 0.44844,
        "fractured|uranium_ppb": 1.91003,
        "porous|sulfate_mg_l": 1.54039,
        "porous|tds_mg_l": 0.71593,
        "porous|uranium_ppb": 1.72202
      }
    }
  },
  "stress_polygon_cv": {
    "affected_area_ha": {
      "r2_p50": 0.8847,
      "mae_p50": 8.3577,
      "n_polygons": 23
    },
    "max_migration_distance_m": {
      "r2_p50": 0.7122,
      "mae_p50": 135.2575,
      "n_polygons": 23
    },
    "compliance_conc": {
      "r2_p50": 0.6257,
      "mae_p50": 389.1161,
      "n_polygons": 23
    }
  },
  "config": {
    "n_splits": 5,
    "alpha": 0.2,
    "features": [
      "regime_is_fractured",
      "K_m_day",
      "gradient_i",
      "phi_mobile",
      "phi_total",
      "darcy_flux_q",
      "seepage_velocity_v",
      "Kd_L_kg",
      "retardation_Rd",
      "contaminant_velocity_vc",
      "alpha_L",
      "alpha_T",
      "anisotropy_ratio",
      "D_L",
      "D_T",
      "peclet_L",
      "pore_volumes_PV",
      "dimensionless_time_tau",
      "dual_porosity_beta",
      "Q_in_m3_day",
      "bleed_fraction",
      "Q_net_m3_day",
      "containment_eta",
      "operation_days",
      "wellfield_width_m",
      "source_conc_C0",
      "background_conc_Cb",
      "downtime_fraction",
      "gradient_seasonal_amp",
      "restoration_years",
      "residual_fraction",
      "u_attenuation_k",
      "Xc_m",
      "Xc_clean_m",
      "time_years",
      "is_post_closure",
      "is_uranium_ppb",
      "is_sulfate_mg_l",
      "is_tds_mg_l"
    ],
    "n_constrained_per_target": {
      "affected_area_ha": 22,
      "max_migration_distance_m": 22,
      "compliance_conc": 22,
      "excursion_probability": 22
    },
    "xgb_params": {
      "n_estimators": 450,
      "max_depth": 5,
      "learning_rate": 0.05,
      "subsample": 0.85,
      "colsample_bytree": 0.85,
      "reg_lambda": 1.5,
      "tree_method": "hist",
      "random_state": 42
    }
  },
  "pex": {
    "n": 13500,
    "r2": 0.9431,
    "mae": 0.053
  },
  "monotonicity_on_manifold": {
    "area_p50_vs_Q_in_at_fixed_Qnet": [
      30.34,
      33.67,
      34.79,
      35.56
    ],
    "area_p50_vs_bleed_at_fixed_Q_in": [
      60.77,
      33.87,
      25.87,
      25.79
    ],
    "qin_law_holds": true,
    "bleed_law_holds": true
  }
}