{
  "bands": {
    "affected_area_ha": {
      "n": 13182,
      "n_censored": 318,
      "r2": {
        "p10": 0.9423,
        "p50": 0.9401,
        "p90": 0.9484
      },
      "mae": {
        "p10": 3.6068,
        "p50": 9.3004,
        "p90": 16.2592
      },
      "r2_p50_per_fold": [
        0.9469,
        0.9191,
        0.9402,
        0.9411,
        0.9455
      ],
      "coverage": {
        "rows_eval": 0.9393,
        "scenarios_eval": 0.8388,
        "tail_top5_rows": 0.8936,
        "per_cell_rows": {
          "fractured|sulfate_mg_l": 0.962,
          "fractured|tds_mg_l": 0.959,
          "fractured|uranium_ppb": 0.917,
          "porous|sulfate_mg_l": 0.945,
          "porous|tds_mg_l": 0.926,
          "porous|uranium_ppb": 0.924
        }
      },
      "deltas": {
        "fractured|sulfate_mg_l": 0.73162,
        "fractured|tds_mg_l": 0.65713,
        "fractured|uranium_ppb": 0.28233,
        "porous|sulfate_mg_l": 0.51224,
        "porous|tds_mg_l": 0.39086,
        "porous|uranium_ppb": 0.23179
      }
    },
    "max_migration_distance_m": {
      "n": 13182,
      "n_censored": 318,
      "r2": {
        "p10": 0.8482,
        "p50": 0.8953,
        "p90": 0.9515
      },
      "mae": {
        "p10": 48.8817,
        "p50": 126.6484,
        "p90": 144.9595
      },
      "r2_p50_per_fold": [
        0.9178,
        0.9015,
        0.9268,
        0.9191,
        0.8047
      ],
      "coverage": {
        "rows_eval": 0.9324,
        "scenarios_eval": 0.8142,
        "tail_top5_rows": 0.8754,
        "per_cell_rows": {
          "fractured|sulfate_mg_l": 0.939,
          "fractured|tds_mg_l": 0.947,
          "fractured|uranium_ppb": 0.942,
          "porous|sulfate_mg_l": 0.912,
          "porous|tds_mg_l": 0.911,
          "porous|uranium_ppb": 0.937
        }
      },
      "deltas": {
        "fractured|sulfate_mg_l": 0.90832,
        "fractured|tds_mg_l": 0.49088,
        "fractured|uranium_ppb": 0.2375,
        "porous|sulfate_mg_l": 0.46606,
        "porous|tds_mg_l": 0.32335,
        "porous|uranium_ppb": 0.1709
      }
    },
    "compliance_conc": {
      "n": 13500,
      "n_censored": 0,
      "r2": {
        "p10": 0.8162,
        "p50": 0.8822,
        "p90": 0.8328
      },
      "mae": {
        "p10": 468.7373,
        "p50": 607.2611,
        "p90": 1011.8479
      },
      "r2_p50_per_fold": [
        0.8681,
        0.9122,
        0.8843,
        0.911,
        0.8145
      ],
      "coverage": {
        "rows_eval": 0.9196,
        "scenarios_eval": 0.8096,
        "tail_top5_rows": 0.8935,
        "per_cell_rows": {
          "fractured|sulfate_mg_l": 0.898,
          "fractured|tds_mg_l": 0.897,
          "fractured|uranium_ppb": 0.882,
          "porous|sulfate_mg_l": 0.952,
          "porous|tds_mg_l": 0.946,
          "porous|uranium_ppb": 0.952
        }
      },
      "deltas": {
        "fractured|sulfate_mg_l": 0.80423,
        "fractured|tds_mg_l": 0.43147,
        "fractured|uranium_ppb": 1.89414,
        "porous|sulfate_mg_l": 1.02042,
        "porous|tds_mg_l": 0.52096,
        "porous|uranium_ppb": 1.5024
      }
    }
  },
  "stress_polygon_cv": {
    "affected_area_ha": {
      "r2_p50": 0.9204,
      "mae_p50": 10.3587,
      "n_polygons": 23
    },
    "max_migration_distance_m": {
      "r2_p50": 0.8704,
      "mae_p50": 138.6552,
      "n_polygons": 23
    },
    "compliance_conc": {
      "r2_p50": 0.8654,
      "mae_p50": 658.7649,
      "n_polygons": 23
    }
  },
  "config": {
    "n_splits": 5,
    "alpha": 0.2,
    "features": [
      "regime_is_fractured",
      "K_m_day",
      "gradient_i",
      "phi_mobile",
      "phi_total",
      "darcy_flux_q",
      "seepage_velocity_v",
      "Kd_L_kg",
      "retardation_Rd",
      "contaminant_velocity_vc",
      "alpha_L",
      "alpha_T",
      "anisotropy_ratio",
      "D_L",
      "D_T",
      "peclet_L",
      "pore_volumes_PV",
      "dimensionless_time_tau",
      "dual_porosity_beta",
      "Q_in_m3_day",
      "bleed_fraction",
      "Q_net_m3_day",
      "containment_eta",
      "operation_days",
      "wellfield_width_m",
      "source_conc_C0",
      "background_conc_Cb",
      "downtime_fraction",
      "gradient_seasonal_amp",
      "restoration_years",
      "residual_fraction",
      "Xc_m",
      "Xc_clean_m",
      "time_years",
      "is_post_closure",
      "is_uranium_ppb",
      "is_sulfate_mg_l",
      "is_tds_mg_l"
    ],
    "n_constrained_per_target": {
      "affected_area_ha": 24,
      "max_migration_distance_m": 24,
      "compliance_conc": 21,
      "excursion_probability": 24
    },
    "xgb_params": {
      "n_estimators": 450,
      "max_depth": 5,
      "learning_rate": 0.05,
      "subsample": 0.85,
      "colsample_bytree": 0.85,
      "reg_lambda": 1.5,
      "tree_method": "hist",
      "random_state": 42
    }
  },
  "pex": {
    "n": 13500,
    "r2": 0.9362,
    "mae": 0.0617
  },
  "monotonicity_on_manifold": {
    "area_p50_vs_Q_in_at_fixed_Qnet": [
      27.08,
      28.37,
      30.39,
      31.21
    ],
    "area_p50_vs_bleed_at_fixed_Q_in": [
      51.58,
      29.17,
      16.65,
      16.38
    ],
    "qin_law_holds": true,
    "bleed_law_holds": true
  }
}