{
  "bands": {
    "affected_area_ha": {
      "n": 13354,
      "n_censored": 146,
      "r2": {
        "p10": 0.9167,
        "p50": 0.9118,
        "p90": 0.9176
      },
      "mae": {
        "p10": 4.2134,
        "p50": 8.4817,
        "p90": 12.3876
      },
      "r2_p50_per_fold": [
        0.9667,
        0.8807,
        0.9376,
        0.8025,
        0.9237
      ],
      "coverage": {
        "rows_eval": 0.9274,
        "scenarios_eval": 0.8107,
        "tail_top5_rows": 0.7958,
        "per_cell_rows": {
          "fractured|sulfate_mg_l": 0.941,
          "fractured|tds_mg_l": 0.929,
          "fractured|uranium_ppb": 0.941,
          "porous|sulfate_mg_l": 0.935,
          "porous|tds_mg_l": 0.913,
          "porous|uranium_ppb": 0.909
        }
      },
      "deltas": {
        "fractured|sulfate_mg_l": 0.58957,
        "fractured|tds_mg_l": 0.65764,
        "fractured|uranium_ppb": 0.23195,
        "porous|sulfate_mg_l": 0.50774,
        "porous|tds_mg_l": 0.44522,
        "porous|uranium_ppb": 0.16427
      }
    },
    "max_migration_distance_m": {
      "n": 13354,
      "n_censored": 146,
      "r2": {
        "p10": 0.8128,
        "p50": 0.7735,
        "p90": 0.9038
      },
      "mae": {
        "p10": 58.3336,
        "p50": 142.9118,
        "p90": 144.7498
      },
      "r2_p50_per_fold": [
        0.8849,
        0.6759,
        0.8003,
        0.7543,
        0.773
      ],
      "coverage": {
        "rows_eval": 0.93,
        "scenarios_eval": 0.801,
        "tail_top5_rows": 0.8108,
        "per_cell_rows": {
          "fractured|sulfate_mg_l": 0.937,
          "fractured|tds_mg_l": 0.937,
          "fractured|uranium_ppb": 0.936,
          "porous|sulfate_mg_l": 0.928,
          "porous|tds_mg_l": 0.924,
          "porous|uranium_ppb": 0.92
        }
      },
      "deltas": {
        "fractured|sulfate_mg_l": 0.85902,
        "fractured|tds_mg_l": 0.68773,
        "fractured|uranium_ppb": 0.18745,
        "porous|sulfate_mg_l": 0.66923,
        "porous|tds_mg_l": 0.44382,
        "porous|uranium_ppb": 0.10551
      }
    },
    "compliance_conc": {
      "n": 13500,
      "n_censored": 0,
      "r2": {
        "p10": 0.798,
        "p50": 0.8108,
        "p90": 0.7669
      },
      "mae": {
        "p10": 322.1461,
        "p50": 543.658,
        "p90": 911.9693
      },
      "r2_p50_per_fold": [
        0.7125,
        0.8862,
        0.7985,
        0.8159,
        0.9077
      ],
      "coverage": {
        "rows_eval": 0.9378,
        "scenarios_eval": 0.8393,
        "tail_top5_rows": 0.8343,
        "per_cell_rows": {
          "fractured|sulfate_mg_l": 0.912,
          "fractured|tds_mg_l": 0.924,
          "fractured|uranium_ppb": 0.928,
          "porous|sulfate_mg_l": 0.956,
          "porous|tds_mg_l": 0.963,
          "porous|uranium_ppb": 0.939
        }
      },
      "deltas": {
        "fractured|sulfate_mg_l": 0.69471,
        "fractured|tds_mg_l": 0.3937,
        "fractured|uranium_ppb": 1.83658,
        "porous|sulfate_mg_l": 1.15624,
        "porous|tds_mg_l": 0.65995,
        "porous|uranium_ppb": 1.50479
      }
    }
  },
  "stress_polygon_cv": {
    "affected_area_ha": {
      "r2_p50": 0.9044,
      "mae_p50": 8.7826,
      "n_polygons": 23
    },
    "max_migration_distance_m": {
      "r2_p50": 0.7364,
      "mae_p50": 146.9074,
      "n_polygons": 23
    },
    "compliance_conc": {
      "r2_p50": 0.7538,
      "mae_p50": 580.0399,
      "n_polygons": 23
    }
  },
  "config": {
    "n_splits": 5,
    "alpha": 0.2,
    "features": [
      "regime_is_fractured",
      "K_m_day",
      "gradient_i",
      "phi_mobile",
      "phi_total",
      "darcy_flux_q",
      "seepage_velocity_v",
      "Kd_L_kg",
      "retardation_Rd",
      "contaminant_velocity_vc",
      "alpha_L",
      "alpha_T",
      "anisotropy_ratio",
      "D_L",
      "D_T",
      "peclet_L",
      "pore_volumes_PV",
      "dimensionless_time_tau",
      "dual_porosity_beta",
      "Q_in_m3_day",
      "bleed_fraction",
      "Q_net_m3_day",
      "containment_eta",
      "operation_days",
      "wellfield_width_m",
      "source_conc_C0",
      "background_conc_Cb",
      "downtime_fraction",
      "gradient_seasonal_amp",
      "restoration_years",
      "residual_fraction",
      "Xc_m",
      "Xc_clean_m",
      "time_years",
      "is_post_closure",
      "is_uranium_ppb",
      "is_sulfate_mg_l",
      "is_tds_mg_l"
    ],
    "n_constrained_per_target": {
      "affected_area_ha": 24,
      "max_migration_distance_m": 24,
      "compliance_conc": 21,
      "excursion_probability": 24
    },
    "xgb_params": {
      "n_estimators": 450,
      "max_depth": 5,
      "learning_rate": 0.05,
      "subsample": 0.85,
      "colsample_bytree": 0.85,
      "reg_lambda": 1.5,
      "tree_method": "hist",
      "random_state": 42
    }
  },
  "pex": {
    "n": 13500,
    "r2": 0.9368,
    "mae": 0.0577
  },
  "monotonicity_on_manifold": {
    "area_p50_vs_Q_in_at_fixed_Qnet": [
      30.43,
      33.42,
      34.15,
      34.28
    ],
    "area_p50_vs_bleed_at_fixed_Q_in": [
      65.41,
      33.26,
      25.82,
      25.78
    ],
    "qin_law_holds": true,
    "bleed_law_holds": true
  }
}