{
  "bands": {
    "affected_area_ha": {
      "n": 13328,
      "n_censored": 172,
      "r2": {
        "p10": 0.9033,
        "p50": 0.8748,
        "p90": 0.904
      },
      "mae": {
        "p10": 4.2929,
        "p50": 8.3671,
        "p90": 12.2612
      },
      "r2_p50_per_fold": [
        0.8341,
        0.8941,
        0.8694,
        0.9247,
        0.8602
      ],
      "coverage": {
        "rows_eval": 0.9384,
        "scenarios_eval": 0.8318,
        "tail_top5_rows": 0.8589,
        "per_cell_rows": {
          "fractured|sulfate_mg_l": 0.943,
          "fractured|tds_mg_l": 0.928,
          "fractured|uranium_ppb": 0.927,
          "porous|sulfate_mg_l": 0.954,
          "porous|tds_mg_l": 0.941,
          "porous|uranium_ppb": 0.94
        }
      },
      "deltas": {
        "fractured|sulfate_mg_l": 0.67576,
        "fractured|tds_mg_l": 0.50959,
        "fractured|uranium_ppb": 0.24629,
        "porous|sulfate_mg_l": 0.65578,
        "porous|tds_mg_l": 0.55797,
        "porous|uranium_ppb": 0.20731
      }
    },
    "max_migration_distance_m": {
      "n": 13328,
      "n_censored": 172,
      "r2": {
        "p10": 0.8012,
        "p50": 0.7879,
        "p90": 0.8905
      },
      "mae": {
        "p10": 59.3443,
        "p50": 131.2718,
        "p90": 138.9726
      },
      "r2_p50_per_fold": [
        0.788,
        0.8278,
        0.7786,
        0.6995,
        0.8012
      ],
      "coverage": {
        "rows_eval": 0.936,
        "scenarios_eval": 0.8058,
        "tail_top5_rows": 0.8348,
        "per_cell_rows": {
          "fractured|sulfate_mg_l": 0.934,
          "fractured|tds_mg_l": 0.937,
          "fractured|uranium_ppb": 0.946,
          "porous|sulfate_mg_l": 0.939,
          "porous|tds_mg_l": 0.926,
          "porous|uranium_ppb": 0.933
        }
      },
      "deltas": {
        "fractured|sulfate_mg_l": 1.0283,
        "fractured|tds_mg_l": 0.59297,
        "fractured|uranium_ppb": 0.20992,
        "porous|sulfate_mg_l": 0.81005,
        "porous|tds_mg_l": 0.38948,
        "porous|uranium_ppb": 0.13111
      }
    },
    "compliance_conc": {
      "n": 13500,
      "n_censored": 0,
      "r2": {
        "p10": 0.8334,
        "p50": 0.7633,
        "p90": 0.7889
      },
      "mae": {
        "p10": 207.8966,
        "p50": 360.7295,
        "p90": 591.3607
      },
      "r2_p50_per_fold": [
        0.5631,
        0.7134,
        0.8057,
        0.8208,
        0.8865
      ],
      "coverage": {
        "rows_eval": 0.9372,
        "scenarios_eval": 0.86,
        "tail_top5_rows": 0.8639,
        "per_cell_rows": {
          "fractured|sulfate_mg_l": 0.922,
          "fractured|tds_mg_l": 0.932,
          "fractured|uranium_ppb": 0.921,
          "porous|sulfate_mg_l": 0.958,
          "porous|tds_mg_l": 0.94,
          "porous|uranium_ppb": 0.953
        }
      },
      "deltas": {
        "fractured|sulfate_mg_l": 0.77269,
        "fractured|tds_mg_l": 0.44135,
        "fractured|uranium_ppb": 1.89057,
        "porous|sulfate_mg_l": 1.55077,
        "porous|tds_mg_l": 0.68995,
        "porous|uranium_ppb": 1.8243
      }
    }
  },
  "stress_polygon_cv": {
    "affected_area_ha": {
      "r2_p50": 0.887,
      "mae_p50": 8.3097,
      "n_polygons": 23
    },
    "max_migration_distance_m": {
      "r2_p50": 0.6548,
      "mae_p50": 139.7973,
      "n_polygons": 23
    },
    "compliance_conc": {
      "r2_p50": 0.6277,
      "mae_p50": 394.7803,
      "n_polygons": 23
    }
  },
  "config": {
    "n_splits": 5,
    "alpha": 0.2,
    "features": [
      "regime_is_fractured",
      "K_m_day",
      "gradient_i",
      "phi_mobile",
      "phi_total",
      "darcy_flux_q",
      "seepage_velocity_v",
      "Kd_L_kg",
      "retardation_Rd",
      "contaminant_velocity_vc",
      "alpha_L",
      "alpha_T",
      "anisotropy_ratio",
      "D_L",
      "D_T",
      "peclet_L",
      "pore_volumes_PV",
      "dimensionless_time_tau",
      "dual_porosity_beta",
      "Q_in_m3_day",
      "bleed_fraction",
      "Q_net_m3_day",
      "containment_eta",
      "operation_days",
      "wellfield_width_m",
      "source_conc_C0",
      "background_conc_Cb",
      "downtime_fraction",
      "gradient_seasonal_amp",
      "restoration_years",
      "residual_fraction",
      "u_attenuation_k",
      "Xc_m",
      "Xc_clean_m",
      "time_years",
      "is_post_closure",
      "is_uranium_ppb",
      "is_sulfate_mg_l",
      "is_tds_mg_l"
    ],
    "n_constrained_per_target": {
      "affected_area_ha": 22,
      "max_migration_distance_m": 22,
      "compliance_conc": 22,
      "excursion_probability": 22
    },
    "xgb_params": {
      "n_estimators": 450,
      "max_depth": 5,
      "learning_rate": 0.05,
      "subsample": 0.85,
      "colsample_bytree": 0.85,
      "reg_lambda": 1.5,
      "tree_method": "hist",
      "random_state": 42
    }
  },
  "pex": {
    "n": 13500,
    "r2": 0.9437,
    "mae": 0.0527
  },
  "monotonicity_on_manifold": {
    "area_p50_vs_Q_in_at_fixed_Qnet": [
      30.39,
      32.87,
      33.49,
      34.62
    ],
    "area_p50_vs_bleed_at_fixed_Q_in": [
      64.49,
      33.01,
      25.56,
      25.52
    ],
    "qin_law_holds": true,
    "bleed_law_holds": true
  }
}