{
  "regressor": {
    "model": "ridge",
    "cv_r2_mean": 0.08054501529965549,
    "cv_r2_std": 0.07206723790216113,
    "cv_rmse_mean": 328.6745716455514,
    "cv_mae_mean": 260.3377934500895,
    "holdout_r2": 0.1460232799781448,
    "holdout_rmse": 337.0142238994297,
    "holdout_mae": 262.0174370672621,
    "selected": "ridge",
    "acceptance_threshold_r2": 0.55,
    "passes_threshold": false
  },
  "classifier": {
    "model": "random_forest",
    "cv_f1_weighted_mean": 0.41207632459923565,
    "cv_f1_weighted_std": 0.013385976058474686,
    "holdout_f1_weighted": 0.4022284740560878,
    "holdout_auc_ovr_weighted": 0.5505610684203338,
    "selected": "random_forest",
    "acceptance_threshold_f1": 0.65,
    "passes_threshold": false,
    "classes": [
      "marginal",
      "safe",
      "unsafe"
    ]
  },
  "n_samples": 893,
  "feature_count": 16
}