SlNo,Station,Agency,State LGD Code,State,District LGD Code,District,Tehsil,Block,Village,River,Basin,Tributary,Subtributary,SubSubtributary,Local River,Latitude,Longitude,Data Acquisition Time,Temperature (ºC),Turbidity (NTU)
1,Amda(bara),CGWB,20,Jharkhand,343,PASHCHIMI SINGHBHUM,TONTO,TONTO,Amda(bara),-,-,-,-,-,-,22.50416667,85.75000000,25-05-2003 00:00,"",
2,Amrapara,CGWB,20,Jharkhand,337,Pakur,AMRAPARA,AMRAPARA,Amrapara,-,-,-,-,-,-,24.53194444,87.56805556,25-05-2004 00:00,"",
3,Amrapara,CGWB,20,Jharkhand,337,Pakur,AMRAPARA,AMRAPARA,Amrapara,-,-,-,-,-,-,24.53194444,87.56805556,25-05-2005 00:00,"",
4,Amrapara,CGWB,20,Jharkhand,337,Pakur,AMRAPARA,AMRAPARA,Amrapara,-,-,-,-,-,-,24.53194444,87.56805556,25-05-2008 00:00,"",
5,Amrapara,CGWB,20,Jharkhand,337,Pakur,AMRAPARA,AMRAPARA,Amrapara,-,-,-,-,-,-,24.53194444,87.56805556,25-05-2009 00:00,"",
6,Amrapara,CGWB,20,Jharkhand,337,Pakur,AMRAPARA,AMRAPARA,Amrapara,-,-,-,-,-,-,24.53194444,87.56805556,25-05-2010 00:00,"",
7,Amrapara,CGWB,20,Jharkhand,337,Pakur,AMRAPARA,AMRAPARA,Amrapara,-,-,-,-,-,-,24.53194444,87.56805556,25-05-2011 00:00,"",
8,Angara,CGWB,20,Jharkhand,339,RANCHI,ANGARA,ANGARA,Angara,-,-,-,-,-,-,23.39444444,85.51666667,25-05-2003 00:00,"",
9,Angara,CGWB,20,Jharkhand,339,RANCHI,ANGARA,ANGARA,Angara,-,-,-,-,-,-,23.39444444,85.51666667,25-05-2004 00:00,"",
10,Angara,CGWB,20,Jharkhand,339,RANCHI,ANGARA,ANGARA,Angara,-,-,-,-,-,-,23.39444444,85.51666667,25-05-2005 00:00,"",
11,Angara,CGWB,20,Jharkhand,339,RANCHI,ANGARA,ANGARA,Angara,-,-,-,-,-,-,23.39444444,85.51666667,25-05-2007 00:00,"",
12,Angara,CGWB,20,Jharkhand,339,RANCHI,ANGARA,ANGARA,Angara,-,-,-,-,-,-,23.39444444,85.51666667,25-05-2008 00:00,"",
13,Angara,CGWB,20,Jharkhand,339,RANCHI,ANGARA,ANGARA,Angara,-,-,-,-,-,-,23.39444444,85.51666667,25-05-2009 00:00,"",
14,Angara,CGWB,20,Jharkhand,339,RANCHI,ANGARA,ANGARA,Angara,-,-,-,-,-,-,23.39444444,85.51666667,25-05-2012 00:00,"",
15,Angara,CGWB,20,Jharkhand,339,RANCHI,ANGARA,ANGARA,Angara,-,-,-,-,-,-,23.39444444,85.51666667,25-05-2013 00:00,"",
16,Anjam gram,CGWB,20,Jharkhand,331,GUMLA,GUMLA,GUMLA,Anjam gram,-,-,-,-,-,-,23.06944444,84.51250000,25-05-2003 00:00,"",
17,Anjam gram,CGWB,20,Jharkhand,331,GUMLA,GUMLA,GUMLA,Anjam gram,-,-,-,-,-,-,23.06944444,84.51250000,25-05-2007 00:00,"",
18,Anjam gram,CGWB,20,Jharkhand,331,GUMLA,GUMLA,GUMLA,Anjam gram,-,-,-,-,-,-,23.04416667,84.55333333,25-05-2008 00:00,"",
19,Anjam gram,CGWB,20,Jharkhand,331,GUMLA,GUMLA,GUMLA,Anjam gram,-,-,-,-,-,-,23.04416667,84.55333333,25-05-2009 00:00,"",
20,Anjam gram,CGWB,20,Jharkhand,331,GUMLA,GUMLA,GUMLA,Anjam gram,-,-,-,-,-,-,23.06944444,84.51250000,25-05-2009 00:00,"",
21,Anjam gram,CGWB,20,Jharkhand,331,GUMLA,GUMLA,GUMLA,Anjam gram,-,-,-,-,-,-,23.04416667,84.55333333,25-05-2011 00:00,"",
22,Anjam gram,CGWB,20,Jharkhand,331,GUMLA,GUMLA,GUMLA,Anjam gram,-,-,-,-,-,-,23.06944444,84.51250000,25-05-2011 00:00,"",
23,Anjam gram,CGWB,20,Jharkhand,331,GUMLA,GUMLA,GUMLA,Anjam gram,-,-,-,-,-,-,23.06944444,84.51250000,25-05-2012 00:00,"",
24,Anjam gram,CGWB,20,Jharkhand,331,GUMLA,GUMLA,GUMLA,Anjam gram,-,-,-,-,-,-,23.06944444,84.51250000,25-05-2013 00:00,"",
25,Asanbani,CGWB,20,Jharkhand,327,PURBI SINGHBHUM,POTKA,POTKA,Asanbani,-,-,-,-,-,-,22.71250000,86.31944444,25-05-2004 00:00,"",
26,Asnamore,CGWB,20,Jharkhand,324,DEOGHAR,SARATH,SARATH,Asnamore,-,-,-,-,-,-,24.14583333,86.84027778,25-05-2000 00:00,"",
27,Asnamore,CGWB,20,Jharkhand,324,DEOGHAR,SARATH,SARATH,Asnamore,-,-,-,-,-,-,24.14583333,86.84027778,25-05-2003 00:00,"",
28,Asnamore,CGWB,20,Jharkhand,324,DEOGHAR,SARATH,SARATH,Asnamore,-,-,-,-,-,-,24.14583333,86.84027778,25-05-2009 00:00,"",
29,Asnamore,CGWB,20,Jharkhand,324,DEOGHAR,SARATH,SARATH,Asnamore,-,-,-,-,-,-,24.14583333,86.84027778,25-05-2011 00:00,"",
30,Baghdaha,CGWB,20,Jharkhand,324,DEOGHAR,SARWAN,SARWAN,Baghdaha,-,-,-,-,-,-,24.41111111,86.86944444,25-05-2011 00:00,"",
31,Baghma,CGWB,20,Jharkhand,331,GUMLA,PALKOT,PALKOT,Bhagma,-,-,-,-,-,-,22.93277778,84.63027778,25-05-2012 00:00,"",
32,Baghma,CGWB,20,Jharkhand,331,GUMLA,PALKOT,PALKOT,Bhagma,-,-,-,-,-,-,22.93277778,84.63027778,25-05-2013 00:00,"",
33,Baghmara,CGWB,20,Jharkhand,325,DHANBAD,BAGHMARA CUM KATRAS,BAGHMARA CUM KATRAS,Baghmara,-,-,-,-,-,-,23.79583333,86.46666667,25-05-2012 00:00,"",
34,Bagodar,CGWB,20,Jharkhand,329,GIRIDIH,BAGODAR,BAGODAR,Bagodar,-,-,-,-,-,-,24.07916667,85.83194444,25-05-2002 00:00,"",
35,Bagodar,CGWB,20,Jharkhand,329,GIRIDIH,BAGODAR,BAGODAR,Bagodar,-,-,-,-,-,-,24.07916667,85.83194444,25-05-2003 00:00,"",
36,Bagodar,CGWB,20,Jharkhand,329,GIRIDIH,BAGODAR,BAGODAR,Bagodar,-,-,-,-,-,-,24.07916667,85.83194444,25-05-2004 00:00,"",
37,Bagodar,CGWB,20,Jharkhand,329,GIRIDIH,BAGODAR,BAGODAR,Bagodar,-,-,-,-,-,-,24.07916667,85.83194444,25-05-2005 00:00,"",
38,Bagodar,CGWB,20,Jharkhand,329,GIRIDIH,BAGODAR,BAGODAR,Bagodar,-,-,-,-,-,-,24.07916667,85.83194444,25-05-2009 00:00,"",
39,Bagodar,CGWB,20,Jharkhand,329,GIRIDIH,BAGODAR,BAGODAR,Bagodar,-,-,-,-,-,-,24.07916667,85.83194444,25-05-2010 00:00,"",
40,Bagodar,CGWB,20,Jharkhand,329,GIRIDIH,BAGODAR,BAGODAR,Bagodar,-,-,-,-,-,-,24.07916667,85.83194444,25-05-2011 00:00,"",
41,Bagodar,CGWB,20,Jharkhand,329,GIRIDIH,BAGODAR,BAGODAR,Bagodar,-,-,-,-,-,-,24.07916667,85.83194444,25-05-2012 00:00,"",
42,Bagra,CGWB,20,Jharkhand,323,CHATRA,SIMARIA,SIMARIA,Bagra,-,-,-,-,-,-,24.04583333,84.94583333,25-05-2004 00:00,"",
43,Bagra,CGWB,20,Jharkhand,323,CHATRA,SIMARIA,SIMARIA,Bagra,-,-,-,-,-,-,24.04583333,84.94583333,25-05-2006 00:00,"",
44,Bagra,CGWB,20,Jharkhand,323,CHATRA,SIMARIA,SIMARIA,Bagra,-,-,-,-,-,-,24.04583333,84.94583333,25-05-2008 00:00,"",
45,Bagra,CGWB,20,Jharkhand,323,CHATRA,SIMARIA,SIMARIA,Bagra,-,-,-,-,-,-,24.04583333,84.94583333,25-05-2010 00:00,"",
46,Bagra,CGWB,20,Jharkhand,323,CHATRA,SIMARIA,SIMARIA,Bagra,-,-,-,-,-,-,24.04583333,84.94583333,25-05-2012 00:00,"",
47,Bagra,CGWB,20,Jharkhand,323,CHATRA,SIMARIA,SIMARIA,Bagra,-,-,-,-,-,-,24.04583333,84.94583333,25-05-2013 00:00,"",
48,Baharagora,CGWB,20,Jharkhand,327,PURBI SINGHBHUM,BAHARAGORA,BAHARAGORA,Baharagora,-,-,-,-,-,-,22.28333333,86.71666667,25-05-2003 00:00,"",
49,Baharagora,CGWB,20,Jharkhand,327,PURBI SINGHBHUM,BAHARAGORA,BAHARAGORA,Baharagora,-,-,-,-,-,-,22.28333333,86.71666667,25-05-2004 00:00,"",
50,Baharagora,CGWB,20,Jharkhand,327,PURBI SINGHBHUM,BAHARAGORA,BAHARAGORA,Baharagora,-,-,-,-,-,-,22.28333333,86.71666667,25-05-2005 00:00,"",
51,Baharagora,CGWB,20,Jharkhand,327,PURBI SINGHBHUM,BAHARAGORA,BAHARAGORA,Baharagora,-,-,-,-,-,-,22.28333333,86.71666667,25-05-2006 00:00,"",
52,Baharagora,CGWB,20,Jharkhand,327,PURBI SINGHBHUM,BAHARAGORA,BAHARAGORA,Baharagora,-,-,-,-,-,-,22.28333333,86.71666667,25-05-2008 00:00,"",
53,Baisia,CGWB,20,Jharkhand,331,GUMLA,KAMDARA,KAMDARA,Baisia,-,-,-,-,-,-,22.88611111,84.84138889,25-05-2007 00:00,"",
54,Baisia,CGWB,20,Jharkhand,331,GUMLA,KAMDARA,KAMDARA,Baisia,-,-,-,-,-,-,22.88611111,84.84138889,25-05-2008 00:00,"",
55,Baisia,CGWB,20,Jharkhand,331,GUMLA,KAMDARA,KAMDARA,Baisia,-,-,-,-,-,-,22.88611111,84.84138889,25-05-2009 00:00,"",
56,Baisia,CGWB,20,Jharkhand,331,GUMLA,KAMDARA,KAMDARA,Baisia,-,-,-,-,-,-,22.88611111,84.84138889,25-05-2010 00:00,"",
57,Baisia,CGWB,20,Jharkhand,331,GUMLA,KAMDARA,KAMDARA,Baisia,-,-,-,-,-,-,22.88611111,84.84138889,25-05-2011 00:00,"",
58,Baisia,CGWB,20,Jharkhand,331,GUMLA,KAMDARA,KAMDARA,Baisia,-,-,-,-,-,-,22.88611111,84.84138889,25-05-2012 00:00,"",
59,Baisia,CGWB,20,Jharkhand,331,GUMLA,KAMDARA,KAMDARA,Baisia,-,-,-,-,-,-,22.88611111,84.84138889,25-05-2013 00:00,"",
60,Balumath,CGWB,20,Jharkhand,338,PALAMAU,BALUMATH,BALUMATH,Balumath,-,-,-,-,-,-,23.83333333,84.79583333,25-05-2001 00:00,"",
61,Balumath,CGWB,20,Jharkhand,338,PALAMAU,BALUMATH,BALUMATH,Balumath,-,-,-,-,-,-,23.83333333,84.79583333,25-05-2002 00:00,"",
62,Balumath,CGWB,20,Jharkhand,338,PALAMAU,BALUMATH,BALUMATH,Balumath,-,-,-,-,-,-,23.83333333,84.79583333,25-05-2006 00:00,"",
63,Balumath,CGWB,20,Jharkhand,338,PALAMAU,BALUMATH,BALUMATH,Balumath,-,-,-,-,-,-,23.83333333,84.79583333,25-05-2007 00:00,"",
64,Balumath,CGWB,20,Jharkhand,338,PALAMAU,BALUMATH,BALUMATH,Balumath,-,-,-,-,-,-,23.83333333,84.79583333,25-05-2008 00:00,"",
65,Balumath,CGWB,20,Jharkhand,338,PALAMAU,BALUMATH,BALUMATH,Balumath,-,-,-,-,-,-,23.83333333,84.79583333,25-05-2012 00:00,"",
66,Bandgaon,CGWB,20,Jharkhand,343,PASHCHIMI SINGHBHUM,BANDGAON,BANDGAON,Bandgaon,-,-,-,-,-,-,22.84166667,85.32916667,25-05-2003 00:00,"",
67,Bandgaon,CGWB,20,Jharkhand,343,PASHCHIMI SINGHBHUM,BANDGAON,BANDGAON,Bandgaon,-,-,-,-,-,-,22.84166667,85.32916667,25-05-2004 00:00,"",
68,Bandgaon,CGWB,20,Jharkhand,343,PASHCHIMI SINGHBHUM,BANDGAON,BANDGAON,Bandgaon,-,-,-,-,-,-,22.84166667,85.32916667,25-05-2006 00:00,"",
69,Bandgaon,CGWB,20,Jharkhand,343,PASHCHIMI SINGHBHUM,BANDGAON,BANDGAON,Bandgaon,-,-,-,-,-,-,22.84166667,85.32916667,25-05-2007 00:00,"",
70,Bandgaon,CGWB,20,Jharkhand,343,PASHCHIMI SINGHBHUM,BANDGAON,BANDGAON,Bandgaon,-,-,-,-,-,-,22.84166667,85.32916667,25-05-2008 00:00,"",
71,Bandgaon,CGWB,20,Jharkhand,343,PASHCHIMI SINGHBHUM,BANDGAON,BANDGAON,Bandgaon,-,-,-,-,-,-,22.84166667,85.32916667,25-05-2010 00:00,"",
72,Bandgaon,CGWB,20,Jharkhand,343,PASHCHIMI SINGHBHUM,BANDGAON,BANDGAON,Bandgaon,-,-,-,-,-,-,22.84166667,85.32916667,25-05-2011 00:00,"",
73,Bandgaon,CGWB,20,Jharkhand,343,PASHCHIMI SINGHBHUM,BANDGAON,BANDGAON,Bandgaon,-,-,-,-,-,-,22.84166667,85.32916667,25-05-2012 00:00,"",
74,Bandgaon,CGWB,20,Jharkhand,343,PASHCHIMI SINGHBHUM,BANDGAON,BANDGAON,Bandgaon,-,-,-,-,-,-,22.84166667,85.32916667,25-05-2013 00:00,"",
75,Bandhutanr,CGWB,20,Jharkhand,329,GIRIDIH,JAMUA,JAMUA,Bandhutanr,-,-,-,-,-,-,24.30000000,86.11805556,25-05-2003 00:00,"",
76,Bandhutanr,CGWB,20,Jharkhand,329,GIRIDIH,JAMUA,JAMUA,Bandhutanr,-,-,-,-,-,-,24.30000000,86.11805556,25-05-2008 00:00,"",
77,Bandhutanr,CGWB,20,Jharkhand,329,GIRIDIH,JAMUA,JAMUA,Bandhutanr,-,-,-,-,-,-,24.30000000,86.11805556,25-05-2009 00:00,"",
78,Bandhutanr,CGWB,20,Jharkhand,329,GIRIDIH,JAMUA,JAMUA,Bandhutanr,-,-,-,-,-,-,24.30000000,86.11805556,25-05-2010 00:00,"",
79,Bandhutanr,CGWB,20,Jharkhand,329,GIRIDIH,JAMUA,JAMUA,Bandhutanr,-,-,-,-,-,-,24.30000000,86.11805556,25-05-2011 00:00,"",
80,Bandhutanr,CGWB,20,Jharkhand,329,GIRIDIH,JAMUA,JAMUA,Bandhutanr,-,-,-,-,-,-,24.30000000,86.11805556,25-05-2012 00:00,"",
81,Bandhutanr,CGWB,20,Jharkhand,329,GIRIDIH,JAMUA,JAMUA,Bandhutanr,-,-,-,-,-,-,24.30000000,86.11805556,25-05-2013 00:00,"",
82,Bandhu tounr,CGWB,20,Jharkhand,329,GIRIDIH,JAMUA,JAMUA,Bandhu tounr,-,-,-,-,-,-,24.30000000,86.13055556,25-05-2000 00:00,"",
83,Bano,CGWB,20,Jharkhand,331,GUMLA,BANO,BANO,Bano,-,-,-,-,-,-,22.66055556,84.92194444,25-05-2003 00:00,"",
84,Bano,CGWB,20,Jharkhand,331,GUMLA,BANO,BANO,Bano,-,-,-,-,-,-,22.66055556,84.92194444,25-05-2006 00:00,"",
85,Bano,CGWB,20,Jharkhand,331,GUMLA,BANO,BANO,Bano,-,-,-,-,-,-,22.66055556,84.92194444,25-05-2008 00:00,"",
86,Bano,CGWB,20,Jharkhand,331,GUMLA,BANO,BANO,Bano,-,-,-,-,-,-,22.66055556,84.92194444,25-05-2010 00:00,"",
87,Bano,CGWB,20,Jharkhand,331,GUMLA,BANO,BANO,Bano,-,-,-,-,-,-,22.66055556,84.92194444,25-05-2011 00:00,"",
88,Bara borijore,CGWB,20,Jharkhand,330,GODDA,MAHAGAMA,MAHAGAMA,Bara borijore,-,-,-,-,-,-,25.01388889,87.27777778,25-05-2013 00:00,"",
89,Baraw,CGWB,20,Jharkhand,338,PALAMAU,CHAINPUR (BASHANDI),CHAINPUR (BASHANDI),Baraw,-,-,-,-,-,-,24.07027778,84.04138889,25-05-2012 00:00,"",
90,Barhait,CGWB,20,Jharkhand,340,Sahebganj,BARHAIT,BARHAIT,Barhait,-,-,-,-,-,-,24.88888889,87.62500000,25-05-2004 00:00,"",
91,Barhait,CGWB,20,Jharkhand,340,Sahebganj,BARHAIT,BARHAIT,Barhait,-,-,-,-,-,-,24.88888889,87.62500000,25-05-2012 00:00,"",
92,Barhi,CGWB,20,Jharkhand,332,HAZARIBAG,BARHI,BARHI,Barhi,-,-,-,-,-,-,24.30000000,85.41666667,25-05-2001 00:00,"",
93,Barhi,CGWB,20,Jharkhand,332,HAZARIBAG,BARHI,BARHI,Barhi,-,-,-,-,-,-,24.30000000,85.41666667,25-05-2005 00:00,"",
94,Barhi,CGWB,20,Jharkhand,332,HAZARIBAG,BARHI,BARHI,Barhi,-,-,-,-,-,-,24.30000000,85.41666667,25-05-2008 00:00,"",
95,Barhi,CGWB,20,Jharkhand,332,HAZARIBAG,BARHI,BARHI,Barhi,-,-,-,-,-,-,24.30000000,85.41666667,25-05-2009 00:00,"",
96,Barhi,CGWB,20,Jharkhand,332,HAZARIBAG,BARHI,BARHI,Barhi,-,-,-,-,-,-,24.30000000,85.41666667,25-05-2010 00:00,"",
97,Barhi,CGWB,20,Jharkhand,332,HAZARIBAG,BARHI,BARHI,Barhi,-,-,-,-,-,-,24.30000000,85.41666667,25-05-2011 00:00,"",
98,Barhi,CGWB,20,Jharkhand,332,HAZARIBAG,BARHI,BARHI,Barhi,-,-,-,-,-,-,24.30000000,85.41666667,25-05-2012 00:00,"",
99,Barhi,CGWB,20,Jharkhand,332,HAZARIBAG,BARHI,BARHI,Barhi,-,-,-,-,-,-,24.30000000,85.41666667,25-05-2013 00:00,"",
100,Barjatu,CGWB,20,Jharkhand,338,PALAMAU,BALUMATH,BALUMATH,Barjatu,-,-,-,-,-,-,23.89166667,84.80833333,25-05-2002 00:00,"",
101,Barjatu,CGWB,20,Jharkhand,338,PALAMAU,BALUMATH,BALUMATH,Barjatu,-,-,-,-,-,-,23.89166667,84.80833333,25-05-2007 00:00,"",
102,Barjatu,CGWB,20,Jharkhand,338,PALAMAU,BALUMATH,BALUMATH,Barjatu,-,-,-,-,-,-,23.89166667,84.80833333,25-05-2008 00:00,"",
103,Barjatu,CGWB,20,Jharkhand,338,PALAMAU,BALUMATH,BALUMATH,Barjatu,-,-,-,-,-,-,23.89166667,84.80833333,25-05-2009 00:00,"",
104,Barjatu,CGWB,20,Jharkhand,338,PALAMAU,BALUMATH,BALUMATH,Barjatu,-,-,-,-,-,-,23.89166667,84.80833333,25-05-2011 00:00,"",
105,Barkagaon,CGWB,20,Jharkhand,332,HAZARIBAG,BARKAGAON,BARKAGAON,Barkagaon,-,-,-,-,-,-,23.85833333,85.21250000,25-05-2012 00:00,"",
106,Barkagaon,CGWB,20,Jharkhand,332,HAZARIBAG,BARKAGAON,BARKAGAON,Barkagaon,-,-,-,-,-,-,23.85833333,85.21250000,25-05-2013 00:00,"",
107,Barkakhana,CGWB,20,Jharkhand,332,HAZARIBAG,RAMGARH,RAMGARH,Barkakhana,-,-,-,-,-,-,23.61250000,85.49166667,25-05-2009 00:00,"",
108,Barkakhana,CGWB,20,Jharkhand,332,HAZARIBAG,RAMGARH,RAMGARH,Barkakhana,-,-,-,-,-,-,23.61250000,85.49166667,25-05-2010 00:00,"",
109,Barkakhana,CGWB,20,Jharkhand,332,HAZARIBAG,RAMGARH,RAMGARH,Barkakhana,-,-,-,-,-,-,23.61250000,85.49166667,25-05-2011 00:00,"",
110,Barkakhana,CGWB,20,Jharkhand,332,HAZARIBAG,RAMGARH,RAMGARH,Barkakhana,-,-,-,-,-,-,23.61250000,85.49166667,25-05-2012 00:00,"",
111,Barkatha,CGWB,20,Jharkhand,332,HAZARIBAG,BARKATHA,BARKATHA,Barkatha,-,-,-,-,-,-,24.16666667,85.61111111,25-05-2009 00:00,"",
112,Barkatha,CGWB,20,Jharkhand,332,HAZARIBAG,BARKATHA,BARKATHA,Barkatha,-,-,-,-,-,-,24.16666667,85.61111111,25-05-2010 00:00,"",
113,Barkatha,CGWB,20,Jharkhand,332,HAZARIBAG,BARKATHA,BARKATHA,Barkatha,-,-,-,-,-,-,24.16666667,85.61111111,25-05-2011 00:00,"",
114,Barkatha,CGWB,20,Jharkhand,332,HAZARIBAG,BARKATHA,BARKATHA,Barkatha,-,-,-,-,-,-,24.16666667,85.61111111,25-05-2012 00:00,"",
115,Barkatha,CGWB,20,Jharkhand,332,HAZARIBAG,BARKATHA,BARKATHA,Barkatha,-,-,-,-,-,-,24.16666667,85.61111111,25-05-2013 00:00,"",
116,Barwadag,CGWB,20,Jharkhand,339,RANCHI,SONAHATU,SONAHATU,Barwadag,-,-,-,-,-,-,23.26666667,85.68611111,25-05-2003 00:00,"",
117,Barwadag,CGWB,20,Jharkhand,339,RANCHI,SONAHATU,SONAHATU,Barwadag,-,-,-,-,-,-,23.26666667,85.68611111,25-05-2004 00:00,"",
118,Barwadag,CGWB,20,Jharkhand,339,RANCHI,SONAHATU,SONAHATU,Barwadag,-,-,-,-,-,-,23.26666667,85.68611111,25-05-2005 00:00,"",
119,Barwadag,CGWB,20,Jharkhand,339,RANCHI,SONAHATU,SONAHATU,Barwadag,-,-,-,-,-,-,23.26666667,85.68611111,25-05-2007 00:00,"",
120,Barwadag,CGWB,20,Jharkhand,339,RANCHI,SONAHATU,SONAHATU,Barwadag,-,-,-,-,-,-,23.26666667,85.68611111,25-05-2008 00:00,"",
121,Barwadag,CGWB,20,Jharkhand,339,RANCHI,SONAHATU,SONAHATU,Barwadag,-,-,-,-,-,-,23.26666667,85.68611111,25-05-2009 00:00,"",
122,Barwadag,CGWB,20,Jharkhand,339,RANCHI,SONAHATU,SONAHATU,Barwadag,-,-,-,-,-,-,23.26666667,85.68611111,25-05-2010 00:00,"",
123,Barwadag,CGWB,20,Jharkhand,339,RANCHI,SONAHATU,SONAHATU,Barwadag,-,-,-,-,-,-,23.26666667,85.68611111,25-05-2011 00:00,"",
124,Barwadag,CGWB,20,Jharkhand,339,RANCHI,SONAHATU,SONAHATU,Barwadag,-,-,-,-,-,-,23.26666667,85.68611111,25-05-2012 00:00,"",
125,Barwadag,CGWB,20,Jharkhand,339,RANCHI,SONAHATU,SONAHATU,Barwadag,-,-,-,-,-,-,23.26666667,85.68611111,25-05-2013 00:00,"",
126,Barwadih,CGWB,20,Jharkhand,338,PALAMAU,BARWADIH,BARWADIH,Barwadih,-,-,-,-,-,-,23.85833333,84.11666667,25-05-2001 00:00,"",
127,Barwadih,CGWB,20,Jharkhand,338,PALAMAU,BARWADIH,BARWADIH,Barwadih,-,-,-,-,-,-,23.85833333,84.11666667,25-05-2007 00:00,"",
128,Barwadih,CGWB,20,Jharkhand,338,PALAMAU,BARWADIH,BARWADIH,Barwadih,-,-,-,-,-,-,23.85833333,84.11666667,25-05-2008 00:00,"",
129,Barwadih,CGWB,20,Jharkhand,338,PALAMAU,BARWADIH,BARWADIH,Barwadih,-,-,-,-,-,-,23.85833333,84.11666667,25-05-2010 00:00,"",
130,Barwadih,CGWB,20,Jharkhand,338,PALAMAU,BARWADIH,BARWADIH,Barwadih,-,-,-,-,-,-,23.85833333,84.11666667,25-05-2012 00:00,"",
131,Bengabad,CGWB,20,Jharkhand,329,GIRIDIH,BENGABAD,BENGABAD,Bengabad,-,-,-,-,-,-,24.29583333,86.35555556,25-05-2003 00:00,"",
132,Bengabad,CGWB,20,Jharkhand,329,GIRIDIH,BENGABAD,BENGABAD,Bengabad,-,-,-,-,-,-,24.29583333,86.35555556,25-05-2006 00:00,"",
133,Bengabad,CGWB,20,Jharkhand,329,GIRIDIH,BENGABAD,BENGABAD,Bengabad,-,-,-,-,-,-,24.29583333,86.35555556,25-05-2009 00:00,"",
134,Bengabad,CGWB,20,Jharkhand,329,GIRIDIH,BENGABAD,BENGABAD,Bengabad,-,-,-,-,-,-,24.29583333,86.35555556,25-05-2012 00:00,"",
135,Bengabad,CGWB,20,Jharkhand,329,GIRIDIH,BENGABAD,BENGABAD,Bengabad,-,-,-,-,-,-,24.29583333,86.35555556,25-05-2013 00:00,"",
136,Berro,CGWB,20,Jharkhand,339,RANCHI,BERO,BERO,Berro,-,-,-,-,-,-,23.30611111,85.02083333,25-05-2002 00:00,"",
137,Berro,CGWB,20,Jharkhand,339,RANCHI,BERO,BERO,Berro,-,-,-,-,-,-,23.30611111,85.02083333,25-05-2004 00:00,"",
138,Berro,CGWB,20,Jharkhand,339,RANCHI,BERO,BERO,Berro,-,-,-,-,-,-,23.30611111,85.02083333,25-05-2005 00:00,"",
139,Berro,CGWB,20,Jharkhand,339,RANCHI,BERO,BERO,Berro,-,-,-,-,-,-,23.30611111,85.02083333,25-05-2006 00:00,"",
140,Berro,CGWB,20,Jharkhand,339,RANCHI,BERO,BERO,Berro,-,-,-,-,-,-,23.30611111,85.02083333,25-05-2007 00:00,"",
141,Berro,CGWB,20,Jharkhand,339,RANCHI,BERO,BERO,Berro,-,-,-,-,-,-,23.30611111,85.02083333,25-05-2008 00:00,"",
142,Berro,CGWB,20,Jharkhand,339,RANCHI,BERO,BERO,Berro,-,-,-,-,-,-,23.30611111,85.02083333,25-05-2009 00:00,"",
143,Berro,CGWB,20,Jharkhand,339,RANCHI,BERO,BERO,Berro,-,-,-,-,-,-,23.30611111,85.02083333,25-05-2010 00:00,"",
144,Berro,CGWB,20,Jharkhand,339,RANCHI,BERO,BERO,Berro,-,-,-,-,-,-,23.30611111,85.02083333,25-05-2011 00:00,"",
145,Berro,CGWB,20,Jharkhand,339,RANCHI,BERO,BERO,Berro,-,-,-,-,-,-,23.30611111,85.02083333,25-05-2012 00:00,"",
146,Betla,CGWB,20,Jharkhand,338,PALAMAU,BARWADIH,BARWADIH,Betla,-,-,-,-,-,-,23.90000000,84.19166667,25-05-2004 00:00,"",
147,Betla,CGWB,20,Jharkhand,338,PALAMAU,BARWADIH,BARWADIH,Betla,-,-,-,-,-,-,23.90000000,84.19166667,25-05-2009 00:00,"",
148,Betla,CGWB,20,Jharkhand,338,PALAMAU,BARWADIH,BARWADIH,Betla,-,-,-,-,-,-,23.90000000,84.19166667,25-05-2010 00:00,"",
149,Betla,CGWB,20,Jharkhand,338,PALAMAU,BARWADIH,BARWADIH,Betla,-,-,-,-,-,-,23.90000000,84.19166667,25-05-2012 00:00,"",
150,Bhandara,CGWB,20,Jharkhand,336,LOHARDAGA,BHANDRA,BHANDRA,Bhandara,-,-,-,-,-,-,23.35833333,84.77916667,25-05-2003 00:00,"",
151,Bhandara,CGWB,20,Jharkhand,336,LOHARDAGA,BHANDRA,BHANDRA,Bhandara,-,-,-,-,-,-,23.35833333,84.77916667,25-05-2008 00:00,"",
152,Bhandara,CGWB,20,Jharkhand,336,LOHARDAGA,BHANDRA,BHANDRA,Bhandara,-,-,-,-,-,-,23.35833333,84.77916667,25-05-2009 00:00,"",
153,Bhandara,CGWB,20,Jharkhand,336,LOHARDAGA,BHANDRA,BHANDRA,Bhandara,-,-,-,-,-,-,23.35833333,84.77916667,25-05-2010 00:00,"",
154,Bhandara,CGWB,20,Jharkhand,336,LOHARDAGA,BHANDRA,BHANDRA,Bhandara,-,-,-,-,-,-,23.35833333,84.77916667,25-05-2011 00:00,"",
155,Bhandara,CGWB,20,Jharkhand,336,LOHARDAGA,BHANDRA,BHANDRA,Bhandara,-,-,-,-,-,-,23.35833333,84.77916667,25-05-2012 00:00,"",
156,Bharno bdo,CGWB,20,Jharkhand,331,GUMLA,VERNO,VERNO,Bharno bdo,-,-,-,-,-,-,23.23666667,84.88750000,25-05-2002 00:00,"",
157,Bharno bdo,CGWB,20,Jharkhand,331,GUMLA,VERNO,VERNO,Bharno bdo,-,-,-,-,-,-,23.23666667,84.88750000,25-05-2004 00:00,"",
158,Bharno bdo,CGWB,20,Jharkhand,331,GUMLA,GHAGHRA,GHAGHRA,Bharno bdo,-,-,-,-,-,-,23.26944444,84.55333333,25-05-2007 00:00,"",
159,Bharno bdo,CGWB,20,Jharkhand,331,GUMLA,VERNO,VERNO,Bharno bdo,-,-,-,-,-,-,23.23666667,84.88750000,25-05-2007 00:00,"",
160,Bharno bdo,CGWB,20,Jharkhand,331,GUMLA,GHAGHRA,GHAGHRA,Bharno bdo,-,-,-,-,-,-,23.26944444,84.55333333,25-05-2008 00:00,"",
161,Bharno bdo,CGWB,20,Jharkhand,331,GUMLA,VERNO,VERNO,Bharno bdo,-,-,-,-,-,-,23.23666667,84.88750000,25-05-2008 00:00,"",
162,Bharno bdo,CGWB,20,Jharkhand,331,GUMLA,GHAGHRA,GHAGHRA,Bharno bdo,-,-,-,-,-,-,23.26944444,84.55333333,25-05-2009 00:00,"",
163,Bharno bdo,CGWB,20,Jharkhand,331,GUMLA,VERNO,VERNO,Bharno bdo,-,-,-,-,-,-,23.23666667,84.88750000,25-05-2009 00:00,"",
164,Bharno bdo,CGWB,20,Jharkhand,331,GUMLA,GHAGHRA,GHAGHRA,Bharno bdo,-,-,-,-,-,-,23.26944444,84.55333333,25-05-2010 00:00,"",
165,Bharno bdo,CGWB,20,Jharkhand,331,GUMLA,VERNO,VERNO,Bharno bdo,-,-,-,-,-,-,23.23666667,84.88750000,25-05-2010 00:00,"",
166,Bharno bdo,CGWB,20,Jharkhand,331,GUMLA,VERNO,VERNO,Bharno bdo,-,-,-,-,-,-,23.23666667,84.88750000,25-05-2011 00:00,"",
167,Bharno bdo,CGWB,20,Jharkhand,331,GUMLA,GHAGHRA,GHAGHRA,Bharno bdo,-,-,-,-,-,-,23.26944444,84.55333333,25-05-2011 00:00,"",
168,Bharno bdo,CGWB,20,Jharkhand,331,GUMLA,VERNO,VERNO,Bharno bdo,-,-,-,-,-,-,23.23666667,84.88750000,25-05-2012 00:00,"",
169,Bharno bdo,CGWB,20,Jharkhand,331,GUMLA,VERNO,VERNO,Bharno bdo,-,-,-,-,-,-,23.23666667,84.88750000,25-05-2013 00:00,"",
170,Bhawanathpur,CGWB,20,Jharkhand,328,GARHWA,BHAWANATHPUR,BHAWANATHPUR,Bhawanathpur,-,-,-,-,-,-,24.39444444,83.56166667,25-05-2006 00:00,"",
171,Bhawanathpur,CGWB,20,Jharkhand,328,GARHWA,BHAWANATHPUR,BHAWANATHPUR,Bhawanathpur,-,-,-,-,-,-,24.39444444,83.56166667,25-05-2010 00:00,"",
172,Bhawanathpur,CGWB,20,Jharkhand,328,GARHWA,BHAWANATHPUR,BHAWANATHPUR,Bhawanathpur,-,-,-,-,-,-,24.39444444,83.56166667,25-05-2011 00:00,"",
173,Birhu,CGWB,20,Jharkhand,323,CHATRA,SIMARIA,SIMARIA,Birhu,-,-,-,-,-,-,23.97166667,85.18833333,25-05-2012 00:00,"",
174,Birhu,CGWB,20,Jharkhand,323,CHATRA,SIMARIA,SIMARIA,Birhu,-,-,-,-,-,-,23.97166667,85.18833333,25-05-2013 00:00,"",
175,Birini,CGWB,20,Jharkhand,329,GIRIDIH,BAGODAR,BAGODAR,Birini,-,-,-,-,-,-,24.12500000,85.87083333,25-05-2003 00:00,"",
176,Birini,CGWB,20,Jharkhand,329,GIRIDIH,BAGODAR,BAGODAR,Birini,-,-,-,-,-,-,24.12500000,85.87083333,25-05-2004 00:00,"",
177,Birini,CGWB,20,Jharkhand,329,GIRIDIH,BAGODAR,BAGODAR,Birini,-,-,-,-,-,-,24.12500000,85.87083333,25-05-2010 00:00,"",
178,Birini,CGWB,20,Jharkhand,329,GIRIDIH,BAGODAR,BAGODAR,Birini,-,-,-,-,-,-,24.12500000,85.87083333,25-05-2011 00:00,"",
179,Biru,CGWB,20,Jharkhand,331,GUMLA,JALDEGA,JALDEGA,Biru,-,-,-,-,-,-,22.55138889,84.73000000,25-05-2012 00:00,"",
180,Bishnupur,CGWB,20,Jharkhand,331,GUMLA,SIMDEGA,SIMDEGA,Bishnupur,-,-,-,-,-,-,22.70000000,84.38638889,25-05-2003 00:00,"",
181,Bishnupur,CGWB,20,Jharkhand,331,GUMLA,SIMDEGA,SIMDEGA,Bishnupur,-,-,-,-,-,-,22.70000000,84.38638889,25-05-2006 00:00,"",
182,Bishnupur,CGWB,20,Jharkhand,331,GUMLA,SIMDEGA,SIMDEGA,Bishnupur,-,-,-,-,-,-,22.70000000,84.38638889,25-05-2007 00:00,"",
183,Bishnupur,CGWB,20,Jharkhand,331,GUMLA,SIMDEGA,SIMDEGA,Bishnupur,-,-,-,-,-,-,22.70000000,84.38638889,25-05-2013 00:00,"",
184,Bishrampur,CGWB,20,Jharkhand,338,PALAMAU,BISHRAMPUR,BISHRAMPUR,Bishrampur,-,-,-,-,-,-,24.24583333,83.94166667,25-05-2006 00:00,"",
185,Bishrampur,CGWB,20,Jharkhand,338,PALAMAU,BISHRAMPUR,BISHRAMPUR,Bishrampur,-,-,-,-,-,-,24.24583333,83.94166667,25-05-2008 00:00,"",
186,Bishrampur,CGWB,20,Jharkhand,338,PALAMAU,BISHRAMPUR,BISHRAMPUR,Bishrampur,-,-,-,-,-,-,24.24583333,83.94166667,25-05-2009 00:00,"",
187,Bit More,CGWB,20,Jharkhand,339,RANCHI,KANKE,KANKE,Bit More,-,-,-,-,-,-,23.41666667,85.40250000,25-05-2012 00:00,"",
188,Bit More,CGWB,20,Jharkhand,339,RANCHI,KANKE,KANKE,Bit More,-,-,-,-,-,-,23.41666667,85.40250000,25-05-2013 00:00,"",
189,Borio,CGWB,20,Jharkhand,340,Sahebganj,BORIO,BORIO,Borio,-,-,-,-,-,-,25.03611111,87.59722222,25-05-2009 00:00,"",
190,Borio,CGWB,20,Jharkhand,340,Sahebganj,BORIO,BORIO,Borio,-,-,-,-,-,-,25.03611111,87.59722222,25-05-2010 00:00,"",
191,Borio,CGWB,20,Jharkhand,340,Sahebganj,BORIO,BORIO,Borio,-,-,-,-,-,-,25.03611111,87.59722222,25-05-2012 00:00,"",
192,Bundu,CGWB,20,Jharkhand,339,RANCHI,BUNDU,BUNDU,Bundu,-,-,-,-,-,-,23.15833333,85.58888889,25-05-2003 00:00,"",
193,Bundu,CGWB,20,Jharkhand,339,RANCHI,BUNDU,BUNDU,Bundu,-,-,-,-,-,-,23.15833333,85.58888889,25-05-2005 00:00,"",
194,Bundu,CGWB,20,Jharkhand,339,RANCHI,BUNDU,BUNDU,Bundu,-,-,-,-,-,-,23.15833333,85.58888889,25-05-2007 00:00,"",
195,Bundu,CGWB,20,Jharkhand,339,RANCHI,BUNDU,BUNDU,Bundu,-,-,-,-,-,-,23.15833333,85.58888889,25-05-2009 00:00,"",
196,Bundu,CGWB,20,Jharkhand,339,RANCHI,BUNDU,BUNDU,Bundu,-,-,-,-,-,-,23.15833333,85.58888889,25-05-2012 00:00,"",
197,Bundu,CGWB,20,Jharkhand,339,RANCHI,BUNDU,BUNDU,Bundu,-,-,-,-,-,-,23.15833333,85.58888889,25-05-2013 00:00,"",
198,Bunti,CGWB,20,Jharkhand,339,RANCHI,NAMKUM,NAMKUM,Bunti,-,-,-,-,-,-,23.38750000,85.36944444,25-05-2003 00:00,"",
199,Bunti,CGWB,20,Jharkhand,339,RANCHI,NAMKUM,NAMKUM,Bunti,-,-,-,-,-,-,23.38750000,85.36944444,25-05-2004 00:00,"",
200,Bunti,CGWB,20,Jharkhand,339,RANCHI,NAMKUM,NAMKUM,Bunti,-,-,-,-,-,-,23.38750000,85.36944444,25-05-2005 00:00,"",
201,Bunti,CGWB,20,Jharkhand,339,RANCHI,NAMKUM,NAMKUM,Bunti,-,-,-,-,-,-,23.38750000,85.36944444,25-05-2008 00:00,"",
202,Bunti,CGWB,20,Jharkhand,339,RANCHI,NAMKUM,NAMKUM,Bunti,-,-,-,-,-,-,23.38750000,85.36944444,25-05-2009 00:00,"",
203,Bunti,CGWB,20,Jharkhand,339,RANCHI,NAMKUM,NAMKUM,Bunti,-,-,-,-,-,-,23.38750000,85.36944444,25-05-2010 00:00,"",
204,Bunti,CGWB,20,Jharkhand,339,RANCHI,NAMKUM,NAMKUM,Bunti,-,-,-,-,-,-,23.38750000,85.36944444,25-05-2011 00:00,"",
205,Bunti,CGWB,20,Jharkhand,339,RANCHI,NAMKUM,NAMKUM,Bunti,-,-,-,-,-,-,23.38750000,85.36944444,25-05-2012 00:00,"",
206,Bunti,CGWB,20,Jharkhand,339,RANCHI,NAMKUM,NAMKUM,Bunti,-,-,-,-,-,-,23.38750000,85.36944444,25-05-2013 00:00,"",
207,Burmoo,CGWB,20,Jharkhand,339,RANCHI,BURMU,BURMU,Burmoo,-,-,-,-,-,-,23.56805556,85.13333333,25-05-2005 00:00,"",
208,Burmoo,CGWB,20,Jharkhand,339,RANCHI,BURMU,BURMU,Burmoo,-,-,-,-,-,-,23.56805556,85.13333333,25-05-2007 00:00,"",
209,Burmoo,CGWB,20,Jharkhand,339,RANCHI,BURMU,BURMU,Burmoo,-,-,-,-,-,-,23.56805556,85.13333333,25-05-2008 00:00,"",
210,Buti,CGWB,20,Jharkhand,339,RANCHI,NAMKUM,NAMKUM,Buti,-,-,-,-,-,-,23.38777778,85.36944444,25-05-2007 00:00,"",
211,Chachgura,CGWB,20,Jharkhand,339,RANCHI,BERO,BERO,Chachgura,-,-,-,-,-,-,23.34416667,85.07416667,25-05-2012 00:00,"",
212,Chaibasa,CGWB,20,Jharkhand,343,PASHCHIMI SINGHBHUM,CHAIBASA,CHAIBASA,Chaibasa,-,-,-,-,-,-,22.54583333,85.80416667,25-05-2003 00:00,"",
213,Chaibasa,CGWB,20,Jharkhand,343,PASHCHIMI SINGHBHUM,CHAIBASA,CHAIBASA,Chaibasa,-,-,-,-,-,-,22.54583333,85.80416667,25-05-2004 00:00,"",
214,Chaibasa,CGWB,20,Jharkhand,343,PASHCHIMI SINGHBHUM,CHAIBASA,CHAIBASA,Chaibasa,-,-,-,-,-,-,22.54583333,85.80416667,25-05-2005 00:00,"",
215,Chaibasa,CGWB,20,Jharkhand,343,PASHCHIMI SINGHBHUM,CHAIBASA,CHAIBASA,Chaibasa,-,-,-,-,-,-,22.54583333,85.80416667,25-05-2006 00:00,"",
216,Chaibasa,CGWB,20,Jharkhand,343,PASHCHIMI SINGHBHUM,CHAIBASA,CHAIBASA,Chaibasa,-,-,-,-,-,-,22.54583333,85.80416667,25-05-2007 00:00,"",
217,Chaibasa,CGWB,20,Jharkhand,343,PASHCHIMI SINGHBHUM,CHAIBASA,CHAIBASA,Chaibasa,-,-,-,-,-,-,22.54583333,85.80416667,25-05-2009 00:00,"",
218,Chaibasa,CGWB,20,Jharkhand,343,PASHCHIMI SINGHBHUM,CHAIBASA,CHAIBASA,Chaibasa,-,-,-,-,-,-,22.54583333,85.80416667,25-05-2010 00:00,"",
219,Chaibasa,CGWB,20,Jharkhand,343,PASHCHIMI SINGHBHUM,CHAIBASA,CHAIBASA,Chaibasa,-,-,-,-,-,-,22.54583333,85.80416667,25-05-2011 00:00,"",
220,Chaibasa,CGWB,20,Jharkhand,343,PASHCHIMI SINGHBHUM,CHAIBASA,CHAIBASA,Chaibasa,-,-,-,-,-,-,22.54583333,85.80416667,25-05-2012 00:00,"",
221,Chaibasa,CGWB,20,Jharkhand,343,PASHCHIMI SINGHBHUM,CHAIBASA,CHAIBASA,Chaibasa,-,-,-,-,-,-,22.54583333,85.80416667,25-05-2013 00:00,"",
222,Chainpur,CGWB,20,Jharkhand,331,GUMLA,SISAI,SISAI,Chainpur,-,-,-,-,-,-,23.17222222,84.70638889,25-05-2008 00:00,"",
223,Chainpur,CGWB,20,Jharkhand,331,GUMLA,SISAI,SISAI,Chainpur,-,-,-,-,-,-,23.17222222,84.70638889,25-05-2010 00:00,"",
224,Chainpur,CGWB,20,Jharkhand,331,GUMLA,SISAI,SISAI,Chainpur,-,-,-,-,-,-,23.17222222,84.70638889,25-05-2011 00:00,"",
225,Chainpur1,CGWB,20,Jharkhand,331,GUMLA,CHAINPUR,CHAINPUR,Chainpur,-,-,-,-,-,-,23.14388889,84.19888889,25-05-2003 00:00,"",
226,Chainpur1,CGWB,20,Jharkhand,331,GUMLA,CHAINPUR,CHAINPUR,Chainpur,-,-,-,-,-,-,23.14388889,84.19888889,25-05-2012 00:00,"",
227,Chainpur1,CGWB,20,Jharkhand,331,GUMLA,CHAINPUR,CHAINPUR,Chainpur,-,-,-,-,-,-,23.14388889,84.19888889,25-05-2013 00:00,"",
228,Chakradharpur,CGWB,20,Jharkhand,343,PASHCHIMI SINGHBHUM,CHAKRADHARPUR,CHAKRADHARPUR,Chakradharpur,-,-,-,-,-,-,22.66250000,85.63750000,25-05-2003 00:00,"",
229,Chakradharpur,CGWB,20,Jharkhand,343,PASHCHIMI SINGHBHUM,CHAKRADHARPUR,CHAKRADHARPUR,Chakradharpur,-,-,-,-,-,-,22.66250000,85.63750000,25-05-2006 00:00,"",
230,Chakradharpur,CGWB,20,Jharkhand,343,PASHCHIMI SINGHBHUM,CHAKRADHARPUR,CHAKRADHARPUR,Chakradharpur,-,-,-,-,-,-,22.66250000,85.63750000,25-05-2007 00:00,"",
231,Chakradharpur,CGWB,20,Jharkhand,343,PASHCHIMI SINGHBHUM,CHAKRADHARPUR,CHAKRADHARPUR,Chakradharpur,-,-,-,-,-,-,22.66250000,85.63750000,25-05-2009 00:00,"",
232,Chakradharpur,CGWB,20,Jharkhand,343,PASHCHIMI SINGHBHUM,CHAKRADHARPUR,CHAKRADHARPUR,Chakradharpur,-,-,-,-,-,-,22.66250000,85.63750000,25-05-2010 00:00,"",
233,Chakradharpur,CGWB,20,Jharkhand,343,PASHCHIMI SINGHBHUM,CHAKRADHARPUR,CHAKRADHARPUR,Chakradharpur,-,-,-,-,-,-,22.66250000,85.63750000,25-05-2011 00:00,"",
234,Chakradharpur,CGWB,20,Jharkhand,343,PASHCHIMI SINGHBHUM,CHAKRADHARPUR,CHAKRADHARPUR,Chakradharpur,-,-,-,-,-,-,22.66250000,85.63750000,25-05-2012 00:00,"",
235,Chakradharpur,CGWB,20,Jharkhand,343,PASHCHIMI SINGHBHUM,CHAKRADHARPUR,CHAKRADHARPUR,Chakradharpur,-,-,-,-,-,-,22.66250000,85.63750000,25-05-2013 00:00,"",
236,Chakulia,CGWB,20,Jharkhand,327,PURBI SINGHBHUM,CHAKULIA,CHAKULIA,Chakulia,-,-,-,-,-,-,22.48333333,86.71805556,25-05-2002 00:00,"",
237,Chakulia,CGWB,20,Jharkhand,327,PURBI SINGHBHUM,CHAKULIA,CHAKULIA,Chakulia,-,-,-,-,-,-,22.48333333,86.71805556,25-05-2003 00:00,"",
238,Chakulia,CGWB,20,Jharkhand,327,PURBI SINGHBHUM,CHAKULIA,CHAKULIA,Chakulia,-,-,-,-,-,-,22.48333333,86.71805556,25-05-2004 00:00,"",
239,Chakulia,CGWB,20,Jharkhand,327,PURBI SINGHBHUM,CHAKULIA,CHAKULIA,Chakulia,-,-,-,-,-,-,22.48333333,86.71805556,25-05-2005 00:00,"",
240,Chakulia,CGWB,20,Jharkhand,327,PURBI SINGHBHUM,CHAKULIA,CHAKULIA,Chakulia,-,-,-,-,-,-,22.48333333,86.71805556,25-05-2006 00:00,"",
241,Chakulia,CGWB,20,Jharkhand,327,PURBI SINGHBHUM,CHAKULIA,CHAKULIA,Chakulia,-,-,-,-,-,-,22.48333333,86.71805556,25-05-2007 00:00,"",
242,Chakulia,CGWB,20,Jharkhand,327,PURBI SINGHBHUM,CHAKULIA,CHAKULIA,Chakulia,-,-,-,-,-,-,22.48333333,86.71805556,25-05-2008 00:00,"",
243,Chakulia,CGWB,20,Jharkhand,327,PURBI SINGHBHUM,CHAKULIA,CHAKULIA,Chakulia,-,-,-,-,-,-,22.48333333,86.71805556,25-05-2009 00:00,"",
244,Chakulia,CGWB,20,Jharkhand,327,PURBI SINGHBHUM,CHAKULIA,CHAKULIA,Chakulia,-,-,-,-,-,-,22.48333333,86.71805556,25-05-2010 00:00,"",
245,Chandankiyari,CGWB,20,Jharkhand,322,BOKARO,CHANDANKIYARI,CHANDANKIYARI,Chandankiyari,-,-,-,-,-,-,23.57500000,86.35694444,25-05-2012 00:00,"",
246,Chandankiyari,CGWB,20,Jharkhand,322,BOKARO,CHANDANKIYARI,CHANDANKIYARI,Chandankiyari,-,-,-,-,-,-,23.57500000,86.35694444,25-05-2013 00:00,"",
247,Chandil,CGWB,20,Jharkhand,343,PASHCHIMI SINGHBHUM,CHANDIL,CHANDIL,Chandil,-,-,-,-,-,-,22.95416667,86.02500000,25-05-2003 00:00,"",
248,Chandil,CGWB,20,Jharkhand,343,PASHCHIMI SINGHBHUM,CHANDIL,CHANDIL,Chandil,-,-,-,-,-,-,22.95416667,86.02500000,25-05-2004 00:00,"",
249,Chandil,CGWB,20,Jharkhand,343,PASHCHIMI SINGHBHUM,CHANDIL,CHANDIL,Chandil,-,-,-,-,-,-,22.95416667,86.02500000,25-05-2005 00:00,"",
250,Chandil,CGWB,20,Jharkhand,343,PASHCHIMI SINGHBHUM,CHANDIL,CHANDIL,Chandil,-,-,-,-,-,-,22.95416667,86.02500000,25-05-2006 00:00,"",
251,Chandil,CGWB,20,Jharkhand,343,PASHCHIMI SINGHBHUM,CHANDIL,CHANDIL,Chandil,-,-,-,-,-,-,22.95416667,86.02500000,25-05-2007 00:00,"",
252,Chandil,CGWB,20,Jharkhand,343,PASHCHIMI SINGHBHUM,CHANDIL,CHANDIL,Chandil,-,-,-,-,-,-,22.95416667,86.02500000,25-05-2008 00:00,"",
253,Chandil,CGWB,20,Jharkhand,343,PASHCHIMI SINGHBHUM,CHANDIL,CHANDIL,Chandil,-,-,-,-,-,-,22.95416667,86.02500000,25-05-2009 00:00,"",
254,Chandil,CGWB,20,Jharkhand,343,PASHCHIMI SINGHBHUM,CHANDIL,CHANDIL,Chandil,-,-,-,-,-,-,22.95416667,86.02500000,25-05-2011 00:00,"",
255,Chandrapura,CGWB,20,Jharkhand,322,BOKARO,BERMO,BERMO,Chandrapura,-,-,-,-,-,-,23.75027778,86.13361111,25-05-2008 00:00,"",
256,Chandrapura,CGWB,20,Jharkhand,322,BOKARO,BERMO,BERMO,Chandrapura,-,-,-,-,-,-,23.75027778,86.13361111,25-05-2012 00:00,"",
257,Chandrapura,CGWB,20,Jharkhand,322,BOKARO,BERMO,BERMO,Chandrapura,-,-,-,-,-,-,23.75027778,86.13361111,25-05-2013 00:00,"",
258,Chandwa,CGWB,20,Jharkhand,338,PALAMAU,CHANDWA,CHANDWA,Chandwa,-,-,-,-,-,-,23.67500000,84.74583333,25-05-2001 00:00,"",
259,Chandwa,CGWB,20,Jharkhand,338,PALAMAU,CHANDWA,CHANDWA,Chandwa,-,-,-,-,-,-,23.67500000,84.74583333,25-05-2002 00:00,"",
260,Chandwa,CGWB,20,Jharkhand,338,PALAMAU,CHANDWA,CHANDWA,Chandwa,-,-,-,-,-,-,23.67500000,84.74583333,25-05-2004 00:00,"",
261,Chandwa,CGWB,20,Jharkhand,338,PALAMAU,CHANDWA,CHANDWA,Chandwa,-,-,-,-,-,-,23.67500000,84.74583333,25-05-2007 00:00,"",
262,Chandwa,CGWB,20,Jharkhand,338,PALAMAU,CHANDWA,CHANDWA,Chandwa,-,-,-,-,-,-,23.67500000,84.74583333,25-05-2008 00:00,"",
263,Chandwa,CGWB,20,Jharkhand,338,PALAMAU,CHANDWA,CHANDWA,Chandwa,-,-,-,-,-,-,23.67500000,84.74583333,25-05-2009 00:00,"",
264,Chandwa,CGWB,20,Jharkhand,338,PALAMAU,CHANDWA,CHANDWA,Chandwa,-,-,-,-,-,-,23.67500000,84.74583333,25-05-2012 00:00,"",
265,Chandwara,CGWB,20,Jharkhand,334,KODARMA,CHAUPARAN,CHAUPARAN,Chandwara,-,-,-,-,-,-,24.39166667,85.47916667,25-05-2013 00:00,"",
266,Chas,CGWB,20,Jharkhand,322,BOKARO,JARIDIH,JARIDIH,Chas,-,-,-,-,-,-,23.63333333,86.01666667,25-05-2002 00:00,"",
267,Chas,CGWB,20,Jharkhand,322,BOKARO,JARIDIH,JARIDIH,Chas,-,-,-,-,-,-,23.63333333,86.01666667,25-05-2004 00:00,"",
268,Chas,CGWB,20,Jharkhand,322,BOKARO,JARIDIH,JARIDIH,Chas,-,-,-,-,-,-,23.63333333,86.01666667,25-05-2005 00:00,"",
269,Chas,CGWB,20,Jharkhand,322,BOKARO,JARIDIH,JARIDIH,Chas,-,-,-,-,-,-,23.63333333,86.01666667,25-05-2008 00:00,"",
270,Chas,CGWB,20,Jharkhand,322,BOKARO,JARIDIH,JARIDIH,Chas,-,-,-,-,-,-,23.63333333,86.01666667,25-05-2009 00:00,"",
271,Chas,CGWB,20,Jharkhand,322,BOKARO,JARIDIH,JARIDIH,Chas,-,-,-,-,-,-,23.63333333,86.01666667,25-05-2010 00:00,"",
272,Chatra,CGWB,20,Jharkhand,323,CHATRA,CHATRA,CHATRA,Chatra,-,-,-,-,-,-,24.20000000,84.87500000,25-05-2002 00:00,"",
273,Chatra,CGWB,20,Jharkhand,323,CHATRA,CHATRA,CHATRA,Chatra,-,-,-,-,-,-,24.20000000,84.87500000,25-05-2008 00:00,"",
274,Chatra,CGWB,20,Jharkhand,323,CHATRA,CHATRA,CHATRA,Chatra,-,-,-,-,-,-,24.20000000,84.87500000,25-05-2009 00:00,"",
275,Chatra,CGWB,20,Jharkhand,323,CHATRA,CHATRA,CHATRA,Chatra,-,-,-,-,-,-,24.20000000,84.87500000,25-05-2010 00:00,"",
276,Chatra,CGWB,20,Jharkhand,323,CHATRA,CHATRA,CHATRA,Chatra,-,-,-,-,-,-,24.20000000,84.87500000,25-05-2011 00:00,"",
277,Chauparan,CGWB,20,Jharkhand,334,KODARMA,CHAUPARAN,CHAUPARAN,Chauparan,-,-,-,-,-,-,24.37500000,85.25833333,25-05-2002 00:00,"",
278,Chauparan,CGWB,20,Jharkhand,334,KODARMA,CHAUPARAN,CHAUPARAN,Chauparan,-,-,-,-,-,-,24.37500000,85.25833333,25-05-2009 00:00,"",
279,Chauparan,CGWB,20,Jharkhand,334,KODARMA,CHAUPARAN,CHAUPARAN,Chauparan,-,-,-,-,-,-,24.37500000,85.25833333,25-05-2010 00:00,"",
280,Chauparan,CGWB,20,Jharkhand,334,KODARMA,CHAUPARAN,CHAUPARAN,Chauparan,-,-,-,-,-,-,24.37500000,85.25833333,25-05-2011 00:00,"",
281,Chhatarpur,CGWB,20,Jharkhand,338,PALAMAU,CHHATARPUR,CHHATARPUR,Chhatarpur,-,-,-,-,-,-,24.36666667,84.19166667,25-05-2010 00:00,"",
282,Chhatarpur,CGWB,20,Jharkhand,338,PALAMAU,CHHATARPUR,CHHATARPUR,Chhatarpur,-,-,-,-,-,-,24.36666667,84.19166667,25-05-2011 00:00,"",
283,Chhatarpur,CGWB,20,Jharkhand,338,PALAMAU,CHHATARPUR,CHHATARPUR,Chhatarpur,-,-,-,-,-,-,24.36666667,84.19166667,25-05-2012 00:00,"",
284,Chhatarpur,CGWB,20,Jharkhand,338,PALAMAU,CHHATARPUR,CHHATARPUR,Chhatarpur,-,-,-,-,-,-,24.36666667,84.19166667,25-05-2013 00:00,"",
285,Chikania,CGWB,20,Jharkhand,326,DUMKA,JAMA,JAMA,Chikania,-,-,-,-,-,-,24.26388889,87.11666667,25-05-2003 00:00,"",
286,Chikania,CGWB,20,Jharkhand,326,DUMKA,JAMA,JAMA,Chikania,-,-,-,-,-,-,24.26388889,87.11666667,25-05-2006 00:00,"",
287,Chikania,CGWB,20,Jharkhand,326,DUMKA,JAMA,JAMA,Chikania,-,-,-,-,-,-,24.26388889,87.11666667,25-05-2008 00:00,"",
288,Chikania,CGWB,20,Jharkhand,326,DUMKA,JAMA,JAMA,Chikania,-,-,-,-,-,-,24.26388889,87.11666667,25-05-2009 00:00,"",
289,Chirki (pirtanr),CGWB,20,Jharkhand,329,GIRIDIH,PIRTANR,PIRTANR,Chirki (pirtanr),-,-,-,-,-,-,24.03888889,86.16388889,25-05-2003 00:00,"",
290,Chirki (pirtanr),CGWB,20,Jharkhand,329,GIRIDIH,PIRTANR,PIRTANR,Chirki (pirtanr),-,-,-,-,-,-,24.03888889,86.16388889,25-05-2004 00:00,"",
291,Chitarpur,CGWB,20,Jharkhand,332,HAZARIBAG,GOLA,GOLA,Chitarpur,-,-,-,-,-,-,23.59666667,85.63000000,25-05-2005 00:00,"",
292,Chutupalu,CGWB,20,Jharkhand,339,RANCHI,ORMANJHI,ORMANJHI,Chutupalu,-,-,-,-,-,-,23.52166667,85.50388889,25-05-2003 00:00,"",
293,Chutupalu,CGWB,20,Jharkhand,339,RANCHI,ORMANJHI,ORMANJHI,Chutupalu,-,-,-,-,-,-,23.52166667,85.50388889,25-05-2004 00:00,"",
294,Chutupalu,CGWB,20,Jharkhand,339,RANCHI,ORMANJHI,ORMANJHI,Chutupalu,-,-,-,-,-,-,23.52166667,85.50388889,25-05-2005 00:00,"",
295,Chutupalu,CGWB,20,Jharkhand,339,RANCHI,ORMANJHI,ORMANJHI,Chutupalu,-,-,-,-,-,-,23.52166667,85.50388889,25-05-2006 00:00,"",
296,Chutupalu,CGWB,20,Jharkhand,339,RANCHI,ORMANJHI,ORMANJHI,Chutupalu,-,-,-,-,-,-,23.52166667,85.50388889,25-05-2007 00:00,"",
297,Chutupalu,CGWB,20,Jharkhand,339,RANCHI,ORMANJHI,ORMANJHI,Chutupalu,-,-,-,-,-,-,23.52166667,85.50388889,25-05-2008 00:00,"",
298,Chutupalu,CGWB,20,Jharkhand,339,RANCHI,ORMANJHI,ORMANJHI,Chutupalu,-,-,-,-,-,-,23.52166667,85.50388889,25-05-2010 00:00,"",
299,Chutupalu,CGWB,20,Jharkhand,339,RANCHI,ORMANJHI,ORMANJHI,Chutupalu,-,-,-,-,-,-,23.52166667,85.50388889,25-05-2011 00:00,"",
300,Chutupalu,CGWB,20,Jharkhand,339,RANCHI,ORMANJHI,ORMANJHI,Chutupalu,-,-,-,-,-,-,23.52166667,85.50388889,25-05-2012 00:00,"",
301,Chutupalu,CGWB,20,Jharkhand,339,RANCHI,ORMANJHI,ORMANJHI,Chutupalu,-,-,-,-,-,-,23.52166667,85.50388889,25-05-2013 00:00,"",
302,Daltenganj,CGWB,20,Jharkhand,338,PALAMAU,DALTONGANJ,DALTONGANJ,Daltenganj,-,-,-,-,-,-,24.06666667,84.06250000,25-05-2001 00:00,"",
303,Daltenganj,CGWB,20,Jharkhand,338,PALAMAU,DALTONGANJ,DALTONGANJ,Daltenganj,-,-,-,-,-,-,24.06666667,84.06250000,25-05-2002 00:00,"",
304,Daltenganj,CGWB,20,Jharkhand,338,PALAMAU,DALTONGANJ,DALTONGANJ,Daltenganj,-,-,-,-,-,-,24.06666667,84.06250000,25-05-2006 00:00,"",
305,Daltenganj,CGWB,20,Jharkhand,338,PALAMAU,DALTONGANJ,DALTONGANJ,Daltenganj,-,-,-,-,-,-,24.06666667,84.06250000,25-05-2008 00:00,"",
306,Daltenganj,CGWB,20,Jharkhand,338,PALAMAU,DALTONGANJ,DALTONGANJ,Daltenganj,-,-,-,-,-,-,24.06666667,84.06250000,25-05-2009 00:00,"",
307,Daltenganj,CGWB,20,Jharkhand,338,PALAMAU,DALTONGANJ,DALTONGANJ,Daltenganj,-,-,-,-,-,-,24.06666667,84.06250000,25-05-2010 00:00,"",
308,Daltenganj,CGWB,20,Jharkhand,338,PALAMAU,DALTONGANJ,DALTONGANJ,Daltenganj,-,-,-,-,-,-,24.06666667,84.06250000,25-05-2011 00:00,"",
309,Daltenganj,CGWB,20,Jharkhand,338,PALAMAU,DALTONGANJ,DALTONGANJ,Daltenganj,-,-,-,-,-,-,24.06666667,84.06250000,25-05-2012 00:00,"",
310,Deoghar,CGWB,20,Jharkhand,324,DEOGHAR,DEOGHAR,DEOGHAR,Deoghar,-,-,-,-,-,-,24.48611111,86.71000000,25-05-2002 00:00,"",
311,Deoghar,CGWB,20,Jharkhand,324,DEOGHAR,DEOGHAR,DEOGHAR,Deoghar,-,-,-,-,-,-,24.48611111,86.71000000,25-05-2003 00:00,"",
312,Deoghar,CGWB,20,Jharkhand,324,DEOGHAR,DEOGHAR,DEOGHAR,Deoghar,-,-,-,-,-,-,24.48611111,86.71000000,25-05-2004 00:00,"",
313,Deoghar,CGWB,20,Jharkhand,324,DEOGHAR,DEOGHAR,DEOGHAR,Deoghar,-,-,-,-,-,-,24.48611111,86.71000000,25-05-2005 00:00,"",
314,Deoghar,CGWB,20,Jharkhand,324,DEOGHAR,DEOGHAR,DEOGHAR,Deoghar,-,-,-,-,-,-,24.48611111,86.71000000,25-05-2008 00:00,"",
315,Deoghar,CGWB,20,Jharkhand,324,DEOGHAR,DEOGHAR,DEOGHAR,Deoghar,-,-,-,-,-,-,24.48611111,86.71000000,25-05-2009 00:00,"",
316,Deoghar,CGWB,20,Jharkhand,324,DEOGHAR,DEOGHAR,DEOGHAR,Deoghar,-,-,-,-,-,-,24.48611111,86.71000000,25-05-2011 00:00,"",
317,Deoghar,CGWB,20,Jharkhand,324,DEOGHAR,DEOGHAR,DEOGHAR,Deoghar,-,-,-,-,-,-,24.48611111,86.71000000,25-05-2013 00:00,"",
318,Dewri,CGWB,20,Jharkhand,329,GIRIDIH,DEORI,DEORI,Dewri,-,-,-,-,-,-,24.51388889,86.18750000,25-05-2003 00:00,"",
319,Dhalbhumgarh,CGWB,20,Jharkhand,327,PURBI SINGHBHUM,DHALBHUMGARH,DHALBHUMGARH,Dhalbhumgarh,-,-,-,-,-,-,22.50833333,86.55277778,25-05-2003 00:00,"",
320,Dhalbhumgarh,CGWB,20,Jharkhand,327,PURBI SINGHBHUM,DHALBHUMGARH,DHALBHUMGARH,Dhalbhumgarh,-,-,-,-,-,-,22.50833333,86.55277778,25-05-2005 00:00,"",
321,Dhalbhumgarh,CGWB,20,Jharkhand,327,PURBI SINGHBHUM,DHALBHUMGARH,DHALBHUMGARH,Dhalbhumgarh,-,-,-,-,-,-,22.50833333,86.55277778,25-05-2007 00:00,"",
322,Dhalbhumgarh,CGWB,20,Jharkhand,327,PURBI SINGHBHUM,DHALBHUMGARH,DHALBHUMGARH,Dhalbhumgarh,-,-,-,-,-,-,22.50833333,86.55277778,25-05-2008 00:00,"",
323,Dhalbhumgarh,CGWB,20,Jharkhand,327,PURBI SINGHBHUM,DHALBHUMGARH,DHALBHUMGARH,Dhalbhumgarh,-,-,-,-,-,-,22.50833333,86.55277778,25-05-2009 00:00,"",
324,Dhalbhumgarh,CGWB,20,Jharkhand,327,PURBI SINGHBHUM,DHALBHUMGARH,DHALBHUMGARH,Dhalbhumgarh,-,-,-,-,-,-,22.50833333,86.55277778,25-05-2010 00:00,"",
325,Dhalbhumgarh,CGWB,20,Jharkhand,327,PURBI SINGHBHUM,DHALBHUMGARH,DHALBHUMGARH,Dhalbhumgarh,-,-,-,-,-,-,22.50833333,86.55277778,25-05-2011 00:00,"",
326,Dhalbhumgarh,CGWB,20,Jharkhand,327,PURBI SINGHBHUM,DHALBHUMGARH,DHALBHUMGARH,Dhalbhumgarh,-,-,-,-,-,-,22.50833333,86.55277778,25-05-2012 00:00,"",
327,Dhalbhumgarh,CGWB,20,Jharkhand,327,PURBI SINGHBHUM,DHALBHUMGARH,DHALBHUMGARH,Dhalbhumgarh,-,-,-,-,-,-,22.50833333,86.55277778,25-05-2013 00:00,"",
328,Dhanbad,CGWB,20,Jharkhand,325,DHANBAD,DHANBAD CUM KENDUADI,DHANBAD CUM KENDUADI,Dhanbad,-,-,-,-,-,-,23.79583333,86.42083333,25-05-2013 00:00,"",
329,Dhanidih,CGWB,20,Jharkhand,329,GIRIDIH,GIRIDIH,GIRIDIH,Dhanidih,-,-,-,-,-,-,24.22222222,86.21388889,25-05-2000 00:00,"",
330,Dhanidih,CGWB,20,Jharkhand,329,GIRIDIH,GIRIDIH,GIRIDIH,Dhanidih,-,-,-,-,-,-,24.22222222,86.21388889,25-05-2003 00:00,"",
331,Dhanidih,CGWB,20,Jharkhand,329,GIRIDIH,GIRIDIH,GIRIDIH,Dhanidih,-,-,-,-,-,-,24.22222222,86.21388889,25-05-2005 00:00,"",
332,Dhanidih,CGWB,20,Jharkhand,329,GIRIDIH,GIRIDIH,GIRIDIH,Dhanidih,-,-,-,-,-,-,24.22222222,86.21388889,25-05-2008 00:00,"",
333,Dhanidih,CGWB,20,Jharkhand,329,GIRIDIH,GIRIDIH,GIRIDIH,Dhanidih,-,-,-,-,-,-,24.22222222,86.21388889,25-05-2012 00:00,"",
334,Dhanidih,CGWB,20,Jharkhand,329,GIRIDIH,GIRIDIH,GIRIDIH,Dhanidih,-,-,-,-,-,-,24.22222222,86.21388889,25-05-2013 00:00,"",
335,Dhanwar,CGWB,20,Jharkhand,329,GIRIDIH,BAGODAR,BAGODAR,Dhanwar,-,-,-,-,-,-,24.15777778,85.98888889,25-05-2003 00:00,"",
336,Dhanwar,CGWB,20,Jharkhand,329,GIRIDIH,BAGODAR,BAGODAR,Dhanwar,-,-,-,-,-,-,24.15777778,85.98888889,25-05-2004 00:00,"",
337,Dhanwar,CGWB,20,Jharkhand,329,GIRIDIH,BAGODAR,BAGODAR,Dhanwar,-,-,-,-,-,-,24.15777778,85.98888889,25-05-2005 00:00,"",
338,Dhanwar,CGWB,20,Jharkhand,329,GIRIDIH,BAGODAR,BAGODAR,Dhanwar,-,-,-,-,-,-,24.15777778,85.98888889,25-05-2009 00:00,"",
339,Dhanwar,CGWB,20,Jharkhand,329,GIRIDIH,BAGODAR,BAGODAR,Dhanwar,-,-,-,-,-,-,24.15777778,85.98888889,25-05-2011 00:00,"",
340,Dhanwar,CGWB,20,Jharkhand,329,GIRIDIH,BAGODAR,BAGODAR,Dhanwar,-,-,-,-,-,-,24.15777778,85.98888889,25-05-2012 00:00,"",
341,Dhanwar,CGWB,20,Jharkhand,329,GIRIDIH,BAGODAR,BAGODAR,Dhanwar,-,-,-,-,-,-,24.15777778,85.98888889,25-05-2013 00:00,"",
342,Doi,CGWB,20,Jharkhand,330,GODDA,MEHERMA,MEHERMA,Doi,-,-,-,-,-,-,25.15000000,87.38611111,25-05-2012 00:00,"",
343,Dorma,CGWB,20,Jharkhand,339,RANCHI,TORPA,TORPA,Dorma,-,-,-,-,-,-,23.00500000,85.16444444,25-05-2012 00:00,"",
344,Dumka(db ib),CGWB,20,Jharkhand,326,DUMKA,DUMKA,DUMKA,Dumka(db ib),-,-,-,-,-,-,24.26666667,87.25000000,25-05-2004 00:00,"",
345,Dumka(db ib),CGWB,20,Jharkhand,326,DUMKA,DUMKA,DUMKA,Dumka(db ib),-,-,-,-,-,-,24.26666667,87.25000000,25-05-2005 00:00,"",
346,Dumka(db ib),CGWB,20,Jharkhand,326,DUMKA,DUMKA,DUMKA,Dumka(db ib),-,-,-,-,-,-,24.26666667,87.25000000,25-05-2008 00:00,"",
347,Dumka(db ib),CGWB,20,Jharkhand,326,DUMKA,DUMKA,DUMKA,Dumka(db ib),-,-,-,-,-,-,24.26666667,87.25000000,25-05-2009 00:00,"",
348,Dumka(db ib),CGWB,20,Jharkhand,326,DUMKA,DUMKA,DUMKA,Dumka(db ib),-,-,-,-,-,-,24.26666667,87.25000000,25-05-2010 00:00,"",
349,Dumka(db ib),CGWB,20,Jharkhand,326,DUMKA,DUMKA,DUMKA,Dumka(db ib),-,-,-,-,-,-,24.26666667,87.25000000,25-05-2011 00:00,"",
350,Dumka(db ib),CGWB,20,Jharkhand,326,DUMKA,DUMKA,DUMKA,Dumka(db ib),-,-,-,-,-,-,24.26666667,87.25000000,25-05-2013 00:00,"",
351,Dumri,CGWB,20,Jharkhand,329,GIRIDIH,DEORI,DEORI,Dumri,-,-,-,-,-,-,24.47694444,86.19555556,25-05-2003 00:00,"",
352,Dumri,CGWB,20,Jharkhand,329,GIRIDIH,DEORI,DEORI,Dumri,-,-,-,-,-,-,24.47694444,86.19555556,25-05-2004 00:00,"",
353,Dumri,CGWB,20,Jharkhand,329,GIRIDIH,DEORI,DEORI,Dumri,-,-,-,-,-,-,24.47694444,86.19555556,25-05-2005 00:00,"",
354,Dumri,CGWB,20,Jharkhand,329,GIRIDIH,DEORI,DEORI,Dumri,-,-,-,-,-,-,24.47694444,86.19555556,25-05-2008 00:00,"",
355,Dumri,CGWB,20,Jharkhand,329,GIRIDIH,DEORI,DEORI,Dumri,-,-,-,-,-,-,24.47694444,86.19555556,25-05-2009 00:00,"",
356,Dumri,CGWB,20,Jharkhand,329,GIRIDIH,DEORI,DEORI,Dumri,-,-,-,-,-,-,24.47694444,86.19555556,25-05-2010 00:00,"",
357,Dumri,CGWB,20,Jharkhand,329,GIRIDIH,DEORI,DEORI,Dumri,-,-,-,-,-,-,24.47694444,86.19555556,25-05-2012 00:00,"",
358,Dumri,CGWB,20,Jharkhand,329,GIRIDIH,DEORI,DEORI,Dumri,-,-,-,-,-,-,24.47694444,86.19555556,25-05-2013 00:00,"",
359,Galudih,CGWB,20,Jharkhand,327,PURBI SINGHBHUM,GHATSHILA,GHATSHILA,Galudih,-,-,-,-,-,-,22.69166667,86.45833333,25-05-2006 00:00,"",
360,Galudih,CGWB,20,Jharkhand,327,PURBI SINGHBHUM,GHATSHILA,GHATSHILA,Galudih,-,-,-,-,-,-,22.69166667,86.45833333,25-05-2008 00:00,"",
361,Galudih,CGWB,20,Jharkhand,327,PURBI SINGHBHUM,GHATSHILA,GHATSHILA,Galudih,-,-,-,-,-,-,22.69166667,86.45833333,25-05-2009 00:00,"",
362,Galudih,CGWB,20,Jharkhand,327,PURBI SINGHBHUM,GHATSHILA,GHATSHILA,Galudih,-,-,-,-,-,-,22.69166667,86.45833333,25-05-2010 00:00,"",
363,Galudih,CGWB,20,Jharkhand,327,PURBI SINGHBHUM,GHATSHILA,GHATSHILA,Galudih,-,-,-,-,-,-,22.69166667,86.45833333,25-05-2011 00:00,"",
364,Galudih,CGWB,20,Jharkhand,327,PURBI SINGHBHUM,GHATSHILA,GHATSHILA,Galudih,-,-,-,-,-,-,22.69166667,86.45833333,25-05-2012 00:00,"",
365,Galudih,CGWB,20,Jharkhand,327,PURBI SINGHBHUM,GHATSHILA,GHATSHILA,Galudih,-,-,-,-,-,-,22.69166667,86.45833333,25-05-2013 00:00,"",
366,Gamharia,CGWB,20,Jharkhand,326,DUMKA,RAMGARH,RAMGARH,Gamharia,-,-,-,-,-,-,24.56944444,87.18472222,25-05-2012 00:00,"",
367,Gamharia,CGWB,20,Jharkhand,326,DUMKA,RAMGARH,RAMGARH,Gamharia,-,-,-,-,-,-,24.56944444,87.18472222,25-05-2013 00:00,"",
368,Gandey1,CGWB,20,Jharkhand,329,GIRIDIH,GANDE,GANDE,Gande,-,-,-,-,-,-,24.16000000,86.39000000,25-05-2012 00:00,"",
369,Garhwa,CGWB,20,Jharkhand,328,GARHWA,GARHWA,GARHWA,Garhwa,-,-,-,-,-,-,24.14166667,83.80833333,25-05-2008 00:00,"",
370,Garhwa,CGWB,20,Jharkhand,328,GARHWA,GARHWA,GARHWA,Garhwa,-,-,-,-,-,-,24.14166667,83.80833333,25-05-2010 00:00,"",
371,Garhwa,CGWB,20,Jharkhand,328,GARHWA,GARHWA,GARHWA,Garhwa,-,-,-,-,-,-,24.14166667,83.80833333,25-05-2011 00:00,"",
372,Garrikalan,CGWB,20,Jharkhand,332,HAZARIBAG,KEREDARI,KEREDARI,Garrikalan,-,-,-,-,-,-,23.85833333,85.16472222,25-05-2012 00:00,"",
373,Garrikalan,CGWB,20,Jharkhand,332,HAZARIBAG,KEREDARI,KEREDARI,Garrikalan,-,-,-,-,-,-,23.85833333,85.16472222,25-05-2013 00:00,"",
374,Ghagra,CGWB,20,Jharkhand,331,GUMLA,GHAGHRA,GHAGHRA,Ghagra,-,-,-,-,-,-,23.26944444,84.55416667,25-05-2003 00:00,"",
375,Ghagra,CGWB,20,Jharkhand,331,GUMLA,GHAGHRA,GHAGHRA,Ghagra,-,-,-,-,-,-,23.26944444,84.55416667,25-05-2006 00:00,"",
376,Ghagra,CGWB,20,Jharkhand,331,GUMLA,GHAGHRA,GHAGHRA,Ghagra,-,-,-,-,-,-,23.26944444,84.55416667,25-05-2008 00:00,"",
377,Ghagra,CGWB,20,Jharkhand,331,GUMLA,GHAGHRA,GHAGHRA,Ghagra,-,-,-,-,-,-,23.26944444,84.55416667,25-05-2010 00:00,"",
378,Ghagra,CGWB,20,Jharkhand,331,GUMLA,GHAGHRA,GHAGHRA,Ghagra,-,-,-,-,-,-,23.26944444,84.55416667,25-05-2011 00:00,"",
379,Ghat Selumpur,CGWB,20,Jharkhand,340,Sahebganj,RAJMAHAL,RAJMAHAL,Ghat Selampur,-,-,-,-,-,-,25.05666667,87.82138889,25-05-2012 00:00,"",
380,Ghatsila,CGWB,20,Jharkhand,327,PURBI SINGHBHUM,BAHARAGORA,BAHARAGORA,Ghatsila,-,-,-,-,-,-,22.27500000,86.71250000,25-05-2002 00:00,"",
381,Ghatsila,CGWB,20,Jharkhand,327,PURBI SINGHBHUM,BAHARAGORA,BAHARAGORA,Ghatsila,-,-,-,-,-,-,22.27500000,86.71250000,25-05-2003 00:00,"",
382,Ghatsila,CGWB,20,Jharkhand,327,PURBI SINGHBHUM,BAHARAGORA,BAHARAGORA,Ghatsila,-,-,-,-,-,-,22.27500000,86.71250000,25-05-2004 00:00,"",
383,Ghatsila,CGWB,20,Jharkhand,327,PURBI SINGHBHUM,BAHARAGORA,BAHARAGORA,Ghatsila,-,-,-,-,-,-,22.27500000,86.71250000,25-05-2006 00:00,"",
384,Ghatsila,CGWB,20,Jharkhand,327,PURBI SINGHBHUM,BAHARAGORA,BAHARAGORA,Ghatsila,-,-,-,-,-,-,22.27500000,86.71250000,25-05-2007 00:00,"",
385,Ghatsila,CGWB,20,Jharkhand,327,PURBI SINGHBHUM,BAHARAGORA,BAHARAGORA,Ghatsila,-,-,-,-,-,-,22.27500000,86.71250000,25-05-2008 00:00,"",
386,Ghatsila,CGWB,20,Jharkhand,327,PURBI SINGHBHUM,BAHARAGORA,BAHARAGORA,Ghatsila,-,-,-,-,-,-,22.27500000,86.71250000,25-05-2009 00:00,"",
387,Ghatsila,CGWB,20,Jharkhand,327,PURBI SINGHBHUM,BAHARAGORA,BAHARAGORA,Ghatsila,-,-,-,-,-,-,22.27500000,86.71250000,25-05-2010 00:00,"",
388,Ghatsila,CGWB,20,Jharkhand,327,PURBI SINGHBHUM,BAHARAGORA,BAHARAGORA,Ghatsila,-,-,-,-,-,-,22.27500000,86.71250000,25-05-2011 00:00,"",
389,Ghatsila,CGWB,20,Jharkhand,327,PURBI SINGHBHUM,BAHARAGORA,BAHARAGORA,Ghatsila,-,-,-,-,-,-,22.27500000,86.71250000,25-05-2012 00:00,"",
390,Ghatsila,CGWB,20,Jharkhand,327,PURBI SINGHBHUM,BAHARAGORA,BAHARAGORA,Ghatsila,-,-,-,-,-,-,22.27500000,86.71250000,25-05-2013 00:00,"",
391,Ghormara,CGWB,20,Jharkhand,324,DEOGHAR,MOHANPUR,M0HANPUR,Ghormara,-,-,-,-,-,-,24.44166667,86.86388889,25-05-2002 00:00,"",
392,Ghormara,CGWB,20,Jharkhand,324,DEOGHAR,MOHANPUR,M0HANPUR,Ghormara,-,-,-,-,-,-,24.44166667,86.86388889,25-05-2003 00:00,"",
393,Ghormara,CGWB,20,Jharkhand,324,DEOGHAR,MOHANPUR,M0HANPUR,Ghormara,-,-,-,-,-,-,24.44166667,86.86388889,25-05-2006 00:00,"",
394,Ghormara,CGWB,20,Jharkhand,324,DEOGHAR,MOHANPUR,M0HANPUR,Ghormara,-,-,-,-,-,-,24.44166667,86.86388889,25-05-2009 00:00,"",
395,Ghormara,CGWB,20,Jharkhand,324,DEOGHAR,MOHANPUR,M0HANPUR,Ghormara,-,-,-,-,-,-,24.44166667,86.86388889,25-05-2010 00:00,"",
396,Ghormara,CGWB,20,Jharkhand,324,DEOGHAR,MOHANPUR,M0HANPUR,Ghormara,-,-,-,-,-,-,24.44166667,86.86388889,25-05-2013 00:00,"",
397,Giridih,CGWB,20,Jharkhand,329,GIRIDIH,GIRIDIH,GIRIDIH,Giridih,-,-,-,-,-,-,24.16666667,86.30833333,25-05-2002 00:00,"",
398,Giridih,CGWB,20,Jharkhand,329,GIRIDIH,GIRIDIH,GIRIDIH,Giridih,-,-,-,-,-,-,24.16666667,86.30833333,25-05-2003 00:00,"",
399,Giridih,CGWB,20,Jharkhand,329,GIRIDIH,GIRIDIH,GIRIDIH,Giridih,-,-,-,-,-,-,24.16666667,86.30833333,25-05-2004 00:00,"",
400,Giridih,CGWB,20,Jharkhand,329,GIRIDIH,GIRIDIH,GIRIDIH,Giridih,-,-,-,-,-,-,24.16666667,86.30833333,25-05-2005 00:00,"",
401,Giridih,CGWB,20,Jharkhand,329,GIRIDIH,GIRIDIH,GIRIDIH,Giridih,-,-,-,-,-,-,24.16666667,86.30833333,25-05-2006 00:00,"",
402,Giridih,CGWB,20,Jharkhand,329,GIRIDIH,GIRIDIH,GIRIDIH,Giridih,-,-,-,-,-,-,24.16666667,86.30833333,25-05-2008 00:00,"",
403,Giridih,CGWB,20,Jharkhand,329,GIRIDIH,GIRIDIH,GIRIDIH,Giridih,-,-,-,-,-,-,24.16666667,86.30833333,25-05-2010 00:00,"",
404,Giridih,CGWB,20,Jharkhand,329,GIRIDIH,GIRIDIH,GIRIDIH,Giridih,-,-,-,-,-,-,24.16666667,86.30833333,25-05-2012 00:00,"",
405,Giridih,CGWB,20,Jharkhand,329,GIRIDIH,GIRIDIH,GIRIDIH,Giridih,-,-,-,-,-,-,24.16666667,86.30833333,25-05-2013 00:00,"",
406,Godarmana,CGWB,20,Jharkhand,328,GARHWA,RANKA,RANKA,Godarmana,-,-,-,-,-,-,23.87361111,83.71111111,25-05-2004 00:00,"",
407,Godda1,CGWB,20,Jharkhand,330,GODDA,GODDA,GODDA,Godda,-,-,-,-,-,-,24.83694444,87.23916667,25-05-2002 00:00,"",
408,Godda p.s.,CGWB,20,Jharkhand,330,GODDA,GODDA,GODDA,Godda p.s.,-,-,-,-,-,-,24.83666667,87.23888889,25-05-2004 00:00,"",
409,Godda p.s.,CGWB,20,Jharkhand,330,GODDA,GODDA,GODDA,Godda p.s.,-,-,-,-,-,-,24.83666667,87.23888889,25-05-2005 00:00,"",
410,Goelkera,CGWB,20,Jharkhand,343,PASHCHIMI SINGHBHUM,GOILKERA,GOILKERA,Goelkera,-,-,-,-,-,-,22.51111111,85.38333333,25-05-2004 00:00,"",
411,Gola,CGWB,20,Jharkhand,332,HAZARIBAG,GOLA,GOLA,Gola,-,-,-,-,-,-,23.52500000,85.73333333,25-05-2001 00:00,"",
412,Gola,CGWB,20,Jharkhand,332,HAZARIBAG,GOLA,GOLA,Gola,-,-,-,-,-,-,23.52500000,85.73333333,25-05-2005 00:00,"",
413,Gola,CGWB,20,Jharkhand,332,HAZARIBAG,GOLA,GOLA,Gola,-,-,-,-,-,-,23.52500000,85.73333333,25-05-2008 00:00,"",
414,Gola,CGWB,20,Jharkhand,332,HAZARIBAG,GOLA,GOLA,Gola,-,-,-,-,-,-,23.52500000,85.73333333,25-05-2010 00:00,"",
415,Gola,CGWB,20,Jharkhand,332,HAZARIBAG,GOLA,GOLA,Gola,-,-,-,-,-,-,23.52500000,85.73333333,25-05-2011 00:00,"",
416,Gola,CGWB,20,Jharkhand,332,HAZARIBAG,GOLA,GOLA,Gola,-,-,-,-,-,-,23.52500000,85.73333333,25-05-2012 00:00,"",
417,Gomia,CGWB,20,Jharkhand,322,BOKARO,GUMIA,GUMIA,Gomia,-,-,-,-,-,-,23.78333333,85.83333333,25-05-2002 00:00,"",
418,Gomia,CGWB,20,Jharkhand,322,BOKARO,GUMIA,GUMIA,Gomia,-,-,-,-,-,-,23.78333333,85.83333333,25-05-2003 00:00,"",
419,Gomia,CGWB,20,Jharkhand,322,BOKARO,GUMIA,GUMIA,Gomia,-,-,-,-,-,-,23.78333333,85.83333333,25-05-2004 00:00,"",
420,Gomia,CGWB,20,Jharkhand,322,BOKARO,GUMIA,GUMIA,Gomia,-,-,-,-,-,-,23.78333333,85.83333333,25-05-2005 00:00,"",
421,Gomia,CGWB,20,Jharkhand,322,BOKARO,GUMIA,GUMIA,Gomia,-,-,-,-,-,-,23.78333333,85.83333333,25-05-2007 00:00,"",
422,Gomia,CGWB,20,Jharkhand,322,BOKARO,GUMIA,GUMIA,Gomia,-,-,-,-,-,-,23.78333333,85.83333333,25-05-2008 00:00,"",
423,Gomia,CGWB,20,Jharkhand,322,BOKARO,GUMIA,GUMIA,Gomia,-,-,-,-,-,-,23.78333333,85.83333333,25-05-2009 00:00,"",
424,Gomia,CGWB,20,Jharkhand,322,BOKARO,GUMIA,GUMIA,Gomia,-,-,-,-,-,-,23.78333333,85.83333333,25-05-2010 00:00,"",
425,Gomia,CGWB,20,Jharkhand,322,BOKARO,GUMIA,GUMIA,Gomia,-,-,-,-,-,-,23.78333333,85.83333333,25-05-2011 00:00,"",
426,Gomia,CGWB,20,Jharkhand,322,BOKARO,GUMIA,GUMIA,Gomia,-,-,-,-,-,-,23.78333333,85.83333333,25-05-2012 00:00,"",
427,Gopikandar,CGWB,20,Jharkhand,326,DUMKA,GOPIKANDAR,GOPIKANDAR,Gopikandar,-,-,-,-,-,-,24.49166667,87.49166667,25-05-2004 00:00,"",
428,Gopikandar,CGWB,20,Jharkhand,326,DUMKA,GOPIKANDAR,GOPIKANDAR,Gopikandar,-,-,-,-,-,-,24.49166667,87.49166667,25-05-2005 00:00,"",
429,Gopikandar,CGWB,20,Jharkhand,326,DUMKA,GOPIKANDAR,GOPIKANDAR,Gopikandar,-,-,-,-,-,-,24.49166667,87.49166667,25-05-2009 00:00,"",
430,Gopikandar,CGWB,20,Jharkhand,326,DUMKA,GOPIKANDAR,GOPIKANDAR,Gopikandar,-,-,-,-,-,-,24.49166667,87.49166667,25-05-2010 00:00,"",
431,Gopikandar,CGWB,20,Jharkhand,326,DUMKA,GOPIKANDAR,GOPIKANDAR,Gopikandar,-,-,-,-,-,-,24.49166667,87.49166667,25-05-2012 00:00,"",
432,Govindpur,CGWB,20,Jharkhand,325,DHANBAD,GOBINDPUR,GOBINDPUR,Govindpur,-,-,-,-,-,-,23.82500000,86.52777778,25-05-2000 00:00,"",
433,Govindpur,CGWB,20,Jharkhand,325,DHANBAD,GOBINDPUR,GOBINDPUR,Govindpur,-,-,-,-,-,-,23.82500000,86.52777778,25-05-2003 00:00,"",
434,Govindpur,CGWB,20,Jharkhand,325,DHANBAD,GOBINDPUR,GOBINDPUR,Govindpur,-,-,-,-,-,-,23.82500000,86.52777778,25-05-2005 00:00,"",
435,Govindpur,CGWB,20,Jharkhand,325,DHANBAD,GOBINDPUR,GOBINDPUR,Govindpur,-,-,-,-,-,-,23.82500000,86.52777778,25-05-2007 00:00,"",
436,Govindpur,CGWB,20,Jharkhand,325,DHANBAD,GOBINDPUR,GOBINDPUR,Govindpur,-,-,-,-,-,-,23.82500000,86.52777778,25-05-2009 00:00,"",
437,Govindpur,CGWB,20,Jharkhand,325,DHANBAD,GOBINDPUR,GOBINDPUR,Govindpur,-,-,-,-,-,-,23.82500000,86.52777778,25-05-2010 00:00,"",
438,Govindpur,CGWB,20,Jharkhand,325,DHANBAD,GOBINDPUR,GOBINDPUR,Govindpur,-,-,-,-,-,-,23.82500000,86.52777778,25-05-2011 00:00,"",
439,Govindpur,CGWB,20,Jharkhand,325,DHANBAD,GOBINDPUR,GOBINDPUR,Govindpur,-,-,-,-,-,-,23.82500000,86.52777778,25-05-2012 00:00,"",
440,Govindpur,CGWB,20,Jharkhand,325,DHANBAD,GOBINDPUR,GOBINDPUR,Govindpur,-,-,-,-,-,-,23.82500000,86.52777778,25-05-2013 00:00,"",
441,Gumla,CGWB,20,Jharkhand,331,GUMLA,SIMDEGA,SIMDEGA,Gumla,-,-,-,-,-,-,22.58833333,84.49166667,25-05-2003 00:00,"",
442,Gumla,CGWB,20,Jharkhand,331,GUMLA,SIMDEGA,SIMDEGA,Gumla,-,-,-,-,-,-,22.58833333,84.49166667,25-05-2004 00:00,"",
443,Gumla,CGWB,20,Jharkhand,331,GUMLA,SIMDEGA,SIMDEGA,Gumla,-,-,-,-,-,-,22.58833333,84.49166667,25-05-2006 00:00,"",
444,Gumla,CGWB,20,Jharkhand,331,GUMLA,SIMDEGA,SIMDEGA,Gumla,-,-,-,-,-,-,22.58833333,84.49166667,25-05-2012 00:00,"",
445,Gumla1,CGWB,20,Jharkhand,331,GUMLA,GUMLA,GUMLA,Gumla,-,-,-,-,-,-,23.04416667,84.55305556,25-05-2003 00:00,"",
446,Gumla1,CGWB,20,Jharkhand,331,GUMLA,GUMLA,GUMLA,Gumla,-,-,-,-,-,-,23.04388889,84.55333333,25-05-2004 00:00,"",
447,Gumla1,CGWB,20,Jharkhand,331,GUMLA,GUMLA,GUMLA,Gumla,-,-,-,-,-,-,23.04416667,84.55305556,25-05-2004 00:00,"",
448,Gumla1,CGWB,20,Jharkhand,331,GUMLA,GUMLA,GUMLA,Gumla,-,-,-,-,-,-,23.04388889,84.55333333,25-05-2006 00:00,"",
449,Gumla1,CGWB,20,Jharkhand,331,GUMLA,GUMLA,GUMLA,Gumla,-,-,-,-,-,-,23.04388889,84.55333333,25-05-2007 00:00,"",
450,Gumla1,CGWB,20,Jharkhand,331,GUMLA,GUMLA,GUMLA,Gumla,-,-,-,-,-,-,23.04388889,84.55333333,25-05-2008 00:00,"",
451,Gumla1,CGWB,20,Jharkhand,331,GUMLA,GUMLA,GUMLA,Gumla,-,-,-,-,-,-,23.04388889,84.55333333,25-05-2009 00:00,"",
452,Gumla1,CGWB,20,Jharkhand,331,GUMLA,GUMLA,GUMLA,Gumla,-,-,-,-,-,-,23.04388889,84.55333333,25-05-2010 00:00,"",
453,Gumla1,CGWB,20,Jharkhand,331,GUMLA,GUMLA,GUMLA,Gumla,-,-,-,-,-,-,23.04388889,84.55333333,25-05-2011 00:00,"",
454,Gumla1,CGWB,20,Jharkhand,331,GUMLA,GUMLA,GUMLA,Gumla,-,-,-,-,-,-,23.04388889,84.55333333,25-05-2012 00:00,"",
455,Gumla1,CGWB,20,Jharkhand,331,GUMLA,GUMLA,GUMLA,Gumla,-,-,-,-,-,-,23.04388889,84.55333333,25-05-2013 00:00,"",
456,Haidernagar,CGWB,20,Jharkhand,338,PALAMAU,HUSSAINABAD,HUSSAINABAD,Hydernagar,-,-,-,-,-,-,24.49305556,83.93555556,25-05-2012 00:00,"",
457,Haidernagar,CGWB,20,Jharkhand,338,PALAMAU,HUSSAINABAD,HUSSAINABAD,Hydernagar,-,-,-,-,-,-,24.49305556,83.93555556,25-05-2013 00:00,"",
458,Hana Bautia,CGWB,20,Jharkhand,327,PURBI SINGHBHUM,BAHARAGORA,BAHARAGORA,Hana Bautia,-,-,-,-,-,-,22.25555556,86.67416667,25-05-2012 00:00,"",
459,Hana Bautia,CGWB,20,Jharkhand,327,PURBI SINGHBHUM,BAHARAGORA,BAHARAGORA,Hana Bautia,-,-,-,-,-,-,22.25555556,86.67416667,25-05-2013 00:00,"",
460,Hansdiha pwdib,CGWB,20,Jharkhand,326,DUMKA,SARAIYAHAT,SARAIYAHAT,Hansdiha pwdib,-,-,-,-,-,-,24.60000000,87.07083333,25-05-2004 00:00,"",
461,Hansdiha pwdib,CGWB,20,Jharkhand,326,DUMKA,SARAIYAHAT,SARAIYAHAT,Hansdiha pwdib,-,-,-,-,-,-,24.60000000,87.07083333,25-05-2005 00:00,"",
462,Hansdiha pwdib,CGWB,20,Jharkhand,326,DUMKA,SARAIYAHAT,SARAIYAHAT,Hansdiha pwdib,-,-,-,-,-,-,24.60000000,87.07083333,25-05-2009 00:00,"",
463,Hansdiha pwdib,CGWB,20,Jharkhand,326,DUMKA,SARAIYAHAT,SARAIYAHAT,Hansdiha pwdib,-,-,-,-,-,-,24.60000000,87.07083333,25-05-2011 00:00,"",
464,Hansdiha pwdib,CGWB,20,Jharkhand,326,DUMKA,SARAIYAHAT,SARAIYAHAT,Hansdiha pwdib,-,-,-,-,-,-,24.60000000,87.07083333,25-05-2012 00:00,"",
465,Hansdiha pwdib,CGWB,20,Jharkhand,326,DUMKA,SARAIYAHAT,SARAIYAHAT,Hansdiha pwdib,-,-,-,-,-,-,24.60000000,87.07083333,25-05-2013 00:00,"",
466,Hariharganj,CGWB,20,Jharkhand,338,PALAMAU,CHHATARPUR,CHHATARPUR,Hariharganj,-,-,-,-,-,-,24.27500000,84.28888889,25-05-2010 00:00,"",
467,Hariharganj,CGWB,20,Jharkhand,338,PALAMAU,CHHATARPUR,CHHATARPUR,Hariharganj,-,-,-,-,-,-,24.27500000,84.28888889,25-05-2011 00:00,"",
468,Harmu,CGWB,20,Jharkhand,339,RANCHI,KANKE,KANKE,Harmu,-,-,-,-,-,-,23.37833333,85.34000000,25-05-2012 00:00,"",
469,Hata/Tirin,CGWB,20,Jharkhand,343,PASHCHIMI SINGHBHUM,GOBINDPUR (RAJNAGAR),GOBINDPUR (RAJNAGAR),Hata/Tirin,-,-,-,-,-,-,22.61666667,86.14166667,25-05-2003 00:00,"",
470,Hata/Tirin,CGWB,20,Jharkhand,343,PASHCHIMI SINGHBHUM,GOBINDPUR (RAJNAGAR),GOBINDPUR (RAJNAGAR),Hata/Tirin,-,-,-,-,-,-,22.61666667,86.14166667,25-05-2007 00:00,"",
471,Hata/Tirin,CGWB,20,Jharkhand,343,PASHCHIMI SINGHBHUM,GOBINDPUR (RAJNAGAR),GOBINDPUR (RAJNAGAR),Hata/Tirin,-,-,-,-,-,-,22.61666667,86.14166667,25-05-2010 00:00,"",
472,Hata/Tirin,CGWB,20,Jharkhand,343,PASHCHIMI SINGHBHUM,GOBINDPUR (RAJNAGAR),GOBINDPUR (RAJNAGAR),Hata/Tirin,-,-,-,-,-,-,22.61666667,86.14166667,25-05-2011 00:00,"",
473,Hata/Tirin,CGWB,20,Jharkhand,343,PASHCHIMI SINGHBHUM,GOBINDPUR (RAJNAGAR),GOBINDPUR (RAJNAGAR),Hata/Tirin,-,-,-,-,-,-,22.61666667,86.14166667,25-05-2012 00:00,"",
474,Hatia,CGWB,20,Jharkhand,339,RANCHI,NAMKUM,NAMKUM,Hatia,-,-,-,-,-,-,23.31250000,85.30555556,25-05-2004 00:00,"",
475,Hatia,CGWB,20,Jharkhand,339,RANCHI,NAMKUM,NAMKUM,Hatia,-,-,-,-,-,-,23.31250000,85.30555556,25-05-2012 00:00,"",
476,Hatia,CGWB,20,Jharkhand,339,RANCHI,NAMKUM,NAMKUM,Hatia,-,-,-,-,-,-,23.31250000,85.30555556,25-05-2013 00:00,"",
477,Hatia1,CGWB,20,Jharkhand,339,RANCHI,NAMKUM,NAMKUM,Hatia,-,-,-,-,-,-,23.31277778,85.30583333,25-05-2004 00:00,"",
478,Hatia1,CGWB,20,Jharkhand,339,RANCHI,NAMKUM,NAMKUM,Hatia,-,-,-,-,-,-,23.31222222,85.30555556,25-05-2007 00:00,"",
479,Hatia1,CGWB,20,Jharkhand,339,RANCHI,NAMKUM,NAMKUM,Hatia,-,-,-,-,-,-,23.31222222,85.30555556,25-05-2009 00:00,"",
480,Hatia1,CGWB,20,Jharkhand,339,RANCHI,NAMKUM,NAMKUM,Hatia,-,-,-,-,-,-,23.31222222,85.30555556,25-05-2011 00:00,"",
481,Hazaribagh,CGWB,20,Jharkhand,332,HAZARIBAG,HAZARIBAG,HAZARIBAG,Hazaribagh,-,-,-,-,-,-,23.96722222,85.34777778,25-05-2002 00:00,"",
482,Hazaribagh,CGWB,20,Jharkhand,332,HAZARIBAG,HAZARIBAG,HAZARIBAG,Hazaribagh,-,-,-,-,-,-,23.96722222,85.34777778,25-05-2009 00:00,"",
483,Hazaribagh,CGWB,20,Jharkhand,332,HAZARIBAG,HAZARIBAG,HAZARIBAG,Hazaribagh,-,-,-,-,-,-,23.96722222,85.34777778,25-05-2010 00:00,"",
484,Hazaribagh,CGWB,20,Jharkhand,332,HAZARIBAG,HAZARIBAG,HAZARIBAG,Hazaribagh,-,-,-,-,-,-,23.96722222,85.34777778,25-05-2011 00:00,"",
485,Hazaribagh,CGWB,20,Jharkhand,332,HAZARIBAG,HAZARIBAG,HAZARIBAG,Hazaribagh,-,-,-,-,-,-,23.96722222,85.34777778,25-05-2012 00:00,"",
486,Hazaribagh,CGWB,20,Jharkhand,332,HAZARIBAG,HAZARIBAG,HAZARIBAG,Hazaribagh,-,-,-,-,-,-,23.96722222,85.34777778,25-05-2013 00:00,"",
487,Hesadih,CGWB,20,Jharkhand,343,PASHCHIMI SINGHBHUM,TONTO,TONTO,Hesadih,-,-,-,-,-,-,22.50444444,85.75027778,25-05-2007 00:00,"",
488,Hesadih,CGWB,20,Jharkhand,343,PASHCHIMI SINGHBHUM,TONTO,TONTO,Hesadih,-,-,-,-,-,-,22.50444444,85.75027778,25-05-2008 00:00,"",
489,Hesadih,CGWB,20,Jharkhand,343,PASHCHIMI SINGHBHUM,TONTO,TONTO,Hesadih,-,-,-,-,-,-,22.50444444,85.75027778,25-05-2009 00:00,"",
490,Hesadih,CGWB,20,Jharkhand,343,PASHCHIMI SINGHBHUM,TONTO,TONTO,Hesadih,-,-,-,-,-,-,22.50444444,85.75027778,25-05-2010 00:00,"",
491,Hesadih,CGWB,20,Jharkhand,343,PASHCHIMI SINGHBHUM,TONTO,TONTO,Hesadih,-,-,-,-,-,-,22.50444444,85.75027778,25-05-2011 00:00,"",
492,Hesadih,CGWB,20,Jharkhand,343,PASHCHIMI SINGHBHUM,TONTO,TONTO,Hesadih,-,-,-,-,-,-,22.50444444,85.75027778,25-05-2012 00:00,"",
493,Hesadih,CGWB,20,Jharkhand,343,PASHCHIMI SINGHBHUM,TONTO,TONTO,Hesadih,-,-,-,-,-,-,22.50444444,85.75027778,25-05-2013 00:00,"",
494,Hinjla,CGWB,20,Jharkhand,336,LOHARDAGA,KURU,KURU,Hinjla,-,-,-,-,-,-,23.53388889,84.84777778,25-05-2003 00:00,"",
495,Hinjla,CGWB,20,Jharkhand,336,LOHARDAGA,KURU,KURU,Hinjla,-,-,-,-,-,-,23.53388889,84.84777778,25-05-2008 00:00,"",
496,Hinjla,CGWB,20,Jharkhand,336,LOHARDAGA,KURU,KURU,Hinjla,-,-,-,-,-,-,23.53388889,84.84777778,25-05-2009 00:00,"",
497,Hinjla,CGWB,20,Jharkhand,336,LOHARDAGA,KURU,KURU,Hinjla,-,-,-,-,-,-,23.53388889,84.84777778,25-05-2010 00:00,"",
498,Hinjla,CGWB,20,Jharkhand,336,LOHARDAGA,KURU,KURU,Hinjla,-,-,-,-,-,-,23.53388889,84.84777778,25-05-2011 00:00,"",
499,Hinjla,CGWB,20,Jharkhand,336,LOHARDAGA,KURU,KURU,Hinjla,-,-,-,-,-,-,23.53388889,84.84777778,25-05-2012 00:00,"",
500,Hiranpur,CGWB,20,Jharkhand,337,Pakur,HIRANPUR,HIRANPUR,Hiranpur,-,-,-,-,-,-,24.72194444,87.71888889,25-05-2005 00:00,"",
501,Hiranpur,CGWB,20,Jharkhand,337,Pakur,HIRANPUR,HIRANPUR,Hiranpur,-,-,-,-,-,-,24.72194444,87.71888889,25-05-2009 00:00,"",
502,Hiranpur,CGWB,20,Jharkhand,337,Pakur,HIRANPUR,HIRANPUR,Hiranpur,-,-,-,-,-,-,24.72194444,87.71888889,25-05-2010 00:00,"",
503,Hiranpur,CGWB,20,Jharkhand,337,Pakur,HIRANPUR,HIRANPUR,Hiranpur,-,-,-,-,-,-,24.72194444,87.71888889,25-05-2011 00:00,"",
504,Hiranpur,CGWB,20,Jharkhand,337,Pakur,HIRANPUR,HIRANPUR,Hiranpur,-,-,-,-,-,-,24.72194444,87.71888889,25-05-2012 00:00,"",
505,Hiranpur,CGWB,20,Jharkhand,337,Pakur,HIRANPUR,HIRANPUR,Hiranpur,-,-,-,-,-,-,24.72194444,87.71888889,25-05-2013 00:00,"",
506,Ichak,CGWB,20,Jharkhand,332,HAZARIBAG,ICHAK,ICHAK,Ichak,-,-,-,-,-,-,24.08750000,85.35000000,25-05-2002 00:00,"",
507,Ichak,CGWB,20,Jharkhand,332,HAZARIBAG,ICHAK,ICHAK,Ichak,-,-,-,-,-,-,24.08750000,85.35000000,25-05-2004 00:00,"",
508,Ichak,CGWB,20,Jharkhand,332,HAZARIBAG,ICHAK,ICHAK,Ichak,-,-,-,-,-,-,24.08750000,85.35000000,25-05-2005 00:00,"",
509,Ichak,CGWB,20,Jharkhand,332,HAZARIBAG,ICHAK,ICHAK,Ichak,-,-,-,-,-,-,24.08750000,85.35000000,25-05-2008 00:00,"",
510,Ichak,CGWB,20,Jharkhand,332,HAZARIBAG,ICHAK,ICHAK,Ichak,-,-,-,-,-,-,24.08750000,85.35000000,25-05-2009 00:00,"",
511,Ichak,CGWB,20,Jharkhand,332,HAZARIBAG,ICHAK,ICHAK,Ichak,-,-,-,-,-,-,24.08750000,85.35000000,25-05-2010 00:00,"",
512,Ichak,CGWB,20,Jharkhand,332,HAZARIBAG,ICHAK,ICHAK,Ichak,-,-,-,-,-,-,24.08750000,85.35000000,25-05-2012 00:00,"",
513,Ichak more,CGWB,20,Jharkhand,332,HAZARIBAG,ICHAK,ICHAK,Ichak,-,-,-,-,-,-,24.09111111,85.40861111,25-05-2013 00:00,"",
514,Itkhori,CGWB,20,Jharkhand,323,CHATRA,ITKHORI,ITKHORI,Itkhori,-,-,-,-,-,-,24.30833333,85.16666667,25-05-2004 00:00,"",
515,Itkhori,CGWB,20,Jharkhand,323,CHATRA,ITKHORI,ITKHORI,Itkhori,-,-,-,-,-,-,24.30833333,85.16666667,25-05-2008 00:00,"",
516,Itkhori,CGWB,20,Jharkhand,323,CHATRA,ITKHORI,ITKHORI,Itkhori,-,-,-,-,-,-,24.30833333,85.16666667,25-05-2009 00:00,"",
517,Itkhori,CGWB,20,Jharkhand,323,CHATRA,ITKHORI,ITKHORI,Itkhori,-,-,-,-,-,-,24.30833333,85.16666667,25-05-2010 00:00,"",
518,Itkhori,CGWB,20,Jharkhand,323,CHATRA,ITKHORI,ITKHORI,Itkhori,-,-,-,-,-,-,24.30833333,85.16666667,25-05-2011 00:00,"",
519,Itkhori,CGWB,20,Jharkhand,323,CHATRA,ITKHORI,ITKHORI,Itkhori,-,-,-,-,-,-,24.30833333,85.16666667,25-05-2013 00:00,"",
520,Itkhori1,CGWB,20,Jharkhand,323,CHATRA,ITKHORI,ITKHORI,Itkhori,-,-,-,-,-,-,24.30972222,85.16833333,25-05-2012 00:00,"",
521,Jaina More,CGWB,20,Jharkhand,322,BOKARO,JARIDIH,JARIDIH,Jaina More,-,-,-,-,-,-,23.71250000,86.08750000,25-05-2003 00:00,"",
522,Jaina More,CGWB,20,Jharkhand,322,BOKARO,JARIDIH,JARIDIH,Jaina More,-,-,-,-,-,-,23.71250000,86.08750000,25-05-2004 00:00,"",
523,Jaina More,CGWB,20,Jharkhand,322,BOKARO,JARIDIH,JARIDIH,Jaina More,-,-,-,-,-,-,23.71250000,86.08750000,25-05-2005 00:00,"",
524,Jaina More,CGWB,20,Jharkhand,322,BOKARO,JARIDIH,JARIDIH,Jaina More,-,-,-,-,-,-,23.71250000,86.08750000,25-05-2007 00:00,"",
525,Jaina More,CGWB,20,Jharkhand,322,BOKARO,JARIDIH,JARIDIH,Jaina More,-,-,-,-,-,-,23.71250000,86.08750000,25-05-2008 00:00,"",
526,Jaina More,CGWB,20,Jharkhand,322,BOKARO,JARIDIH,JARIDIH,Jaina More,-,-,-,-,-,-,23.71250000,86.08750000,25-05-2009 00:00,"",
527,Jaina More,CGWB,20,Jharkhand,322,BOKARO,JARIDIH,JARIDIH,Jaina More,-,-,-,-,-,-,23.71250000,86.08750000,25-05-2010 00:00,"",
528,Jaina More,CGWB,20,Jharkhand,322,BOKARO,JARIDIH,JARIDIH,Jaina More,-,-,-,-,-,-,23.71250000,86.08750000,25-05-2011 00:00,"",
529,Jaina More,CGWB,20,Jharkhand,322,BOKARO,JARIDIH,JARIDIH,Jaina More,-,-,-,-,-,-,23.71250000,86.08750000,25-05-2012 00:00,"",
530,Jaina More,CGWB,20,Jharkhand,322,BOKARO,JARIDIH,JARIDIH,Jaina More,-,-,-,-,-,-,23.71250000,86.08750000,25-05-2013 00:00,"",
531,Jaldega,CGWB,20,Jharkhand,331,GUMLA,JALDEGA,JALDEGA,Jaldega,-,-,-,-,-,-,22.57222222,84.81888889,25-05-2003 00:00,"",
532,Jaldega,CGWB,20,Jharkhand,331,GUMLA,JALDEGA,JALDEGA,Jaldega,-,-,-,-,-,-,22.57222222,84.81888889,25-05-2007 00:00,"",
533,Jaldega,CGWB,20,Jharkhand,331,GUMLA,JALDEGA,JALDEGA,Jaldega,-,-,-,-,-,-,22.57222222,84.81888889,25-05-2008 00:00,"",
534,Jaldega,CGWB,20,Jharkhand,331,GUMLA,JALDEGA,JALDEGA,Jaldega,-,-,-,-,-,-,22.57222222,84.81888889,25-05-2009 00:00,"",
535,Jaldega,CGWB,20,Jharkhand,331,GUMLA,JALDEGA,JALDEGA,Jaldega,-,-,-,-,-,-,22.57222222,84.81888889,25-05-2010 00:00,"",
536,Jaldega,CGWB,20,Jharkhand,331,GUMLA,JALDEGA,JALDEGA,Jaldega,-,-,-,-,-,-,22.57222222,84.81888889,25-05-2012 00:00,"",
537,Jama1,CGWB,20,Jharkhand,326,DUMKA,JAMA,JAMA,Jama,-,-,-,-,-,-,24.34722222,87.15277778,25-05-2002 00:00,"",
538,Jama1,CGWB,20,Jharkhand,326,DUMKA,JAMA,JAMA,Jama,-,-,-,-,-,-,24.34722222,87.15277778,25-05-2003 00:00,"",
539,Jama1,CGWB,20,Jharkhand,326,DUMKA,JAMA,JAMA,Jama,-,-,-,-,-,-,24.34722222,87.15277778,25-05-2004 00:00,"",
540,Jama1,CGWB,20,Jharkhand,326,DUMKA,JAMA,JAMA,Jama,-,-,-,-,-,-,24.34722222,87.15277778,25-05-2005 00:00,"",
541,Jama1,CGWB,20,Jharkhand,326,DUMKA,JAMA,JAMA,Jama,-,-,-,-,-,-,24.34722222,87.15277778,25-05-2006 00:00,"",
542,Jama1,CGWB,20,Jharkhand,326,DUMKA,JAMA,JAMA,Jama,-,-,-,-,-,-,24.34722222,87.15277778,25-05-2008 00:00,"",
543,Jama1,CGWB,20,Jharkhand,326,DUMKA,JAMA,JAMA,Jama,-,-,-,-,-,-,24.34722222,87.15277778,25-05-2009 00:00,"",
544,Jama1,CGWB,20,Jharkhand,326,DUMKA,JAMA,JAMA,Jama,-,-,-,-,-,-,24.34722222,87.15277778,25-05-2010 00:00,"",
545,Jama1,CGWB,20,Jharkhand,326,DUMKA,JAMA,JAMA,Jama,-,-,-,-,-,-,24.34722222,87.15277778,25-05-2011 00:00,"",
546,Jama1,CGWB,20,Jharkhand,326,DUMKA,JAMA,JAMA,Jama,-,-,-,-,-,-,24.34722222,87.15277778,25-05-2013 00:00,"",
547,Jamatara,CGWB,20,Jharkhand,326,DUMKA,JAMTARA,JAMTARA,Jamatara,-,-,-,-,-,-,23.95833333,86.79861111,25-05-2002 00:00,"",
548,Jamatara,CGWB,20,Jharkhand,326,DUMKA,JAMTARA,JAMTARA,Jamatara,-,-,-,-,-,-,23.95833333,86.79861111,25-05-2003 00:00,"",
549,Jamatara,CGWB,20,Jharkhand,326,DUMKA,JAMTARA,JAMTARA,Jamatara,-,-,-,-,-,-,23.95833333,86.79861111,25-05-2004 00:00,"",
550,Jamatara,CGWB,20,Jharkhand,326,DUMKA,JAMTARA,JAMTARA,Jamatara,-,-,-,-,-,-,23.95833333,86.79861111,25-05-2005 00:00,"",
551,Jamatara,CGWB,20,Jharkhand,326,DUMKA,JAMTARA,JAMTARA,Jamatara,-,-,-,-,-,-,23.95833333,86.79861111,25-05-2009 00:00,"",
552,Jamdih,CGWB,20,Jharkhand,343,PASHCHIMI SINGHBHUM,NIMDIH,NIMDIH,Jamdih,-,-,-,-,-,-,22.98611111,86.14388889,25-05-2012 00:00,"",
553,Jamshedpur,CGWB,20,Jharkhand,327,PURBI SINGHBHUM,CHAKULIA,CHAKULIA,Jamshedpur,-,-,-,-,-,-,22.47500000,86.72500000,25-05-2002 00:00,"",
554,Jamshedpur,CGWB,20,Jharkhand,327,PURBI SINGHBHUM,CHAKULIA,CHAKULIA,Jamshedpur,-,-,-,-,-,-,22.47500000,86.72500000,25-05-2003 00:00,"",
555,Jamshedpur,CGWB,20,Jharkhand,327,PURBI SINGHBHUM,CHAKULIA,CHAKULIA,Jamshedpur,-,-,-,-,-,-,22.47500000,86.72500000,25-05-2008 00:00,"",
556,Jamshedpur,CGWB,20,Jharkhand,327,PURBI SINGHBHUM,CHAKULIA,CHAKULIA,Jamshedpur,-,-,-,-,-,-,22.47500000,86.72500000,25-05-2009 00:00,"",
557,Jamshedpur,CGWB,20,Jharkhand,327,PURBI SINGHBHUM,CHAKULIA,CHAKULIA,Jamshedpur,-,-,-,-,-,-,22.47500000,86.72500000,25-05-2011 00:00,"",
558,Jamua pwd ib,CGWB,20,Jharkhand,329,GIRIDIH,JAMUA,JAMUA,Jamua pwd ib,-,-,-,-,-,-,24.37361111,86.15000000,25-05-2002 00:00,"",
559,Jamua pwd ib,CGWB,20,Jharkhand,329,GIRIDIH,JAMUA,JAMUA,Jamua pwd ib,-,-,-,-,-,-,24.37361111,86.15000000,25-05-2003 00:00,"",
560,Jamua pwd ib,CGWB,20,Jharkhand,329,GIRIDIH,JAMUA,JAMUA,Jamua pwd ib,-,-,-,-,-,-,24.37361111,86.15000000,25-05-2006 00:00,"",
561,Jamua pwd ib,CGWB,20,Jharkhand,329,GIRIDIH,JAMUA,JAMUA,Jamua pwd ib,-,-,-,-,-,-,24.37361111,86.15000000,25-05-2012 00:00,"",
562,Jamua pwd ib,CGWB,20,Jharkhand,329,GIRIDIH,JAMUA,JAMUA,Jamua pwd ib,-,-,-,-,-,-,24.37361111,86.15000000,25-05-2013 00:00,"",
563,Japla,CGWB,20,Jharkhand,338,PALAMAU,HUSSAINABAD,HUSSAINABAD,Japla,-,-,-,-,-,-,24.41666667,83.87500000,25-05-2004 00:00,"",
564,Japla,CGWB,20,Jharkhand,338,PALAMAU,HUSSAINABAD,HUSSAINABAD,Japla,-,-,-,-,-,-,24.41666667,83.87500000,25-05-2011 00:00,"",
565,Jarmundi db.ib,CGWB,20,Jharkhand,326,DUMKA,JARMUNDI,JARMUNDI,Jarmundi db.ib,-,-,-,-,-,-,24.38472222,87.07083333,25-05-2004 00:00,"",
566,Jarmundi db.ib,CGWB,20,Jharkhand,326,DUMKA,JARMUNDI,JARMUNDI,Jarmundi db.ib,-,-,-,-,-,-,24.38472222,87.07083333,25-05-2005 00:00,"",
567,Jarmundi db.ib,CGWB,20,Jharkhand,326,DUMKA,JARMUNDI,JARMUNDI,Jarmundi db.ib,-,-,-,-,-,-,24.38472222,87.07083333,25-05-2012 00:00,"",
568,Jasidih,CGWB,20,Jharkhand,324,DEOGHAR,DEOGHAR,DEOGHAR,Jasidih,-,-,-,-,-,-,24.51805556,86.65000000,25-05-2000 00:00,"",
569,Jasidih,CGWB,20,Jharkhand,324,DEOGHAR,MADHUPUR,MADHUPUR,Jasidih,-,-,-,-,-,-,24.27916667,86.65000000,25-05-2002 00:00,"",
570,Jasidih,CGWB,20,Jharkhand,324,DEOGHAR,MADHUPUR,MADHUPUR,Jasidih,-,-,-,-,-,-,24.27916667,86.65000000,25-05-2003 00:00,"",
571,Jasidih,CGWB,20,Jharkhand,324,DEOGHAR,MADHUPUR,MADHUPUR,Jasidih,-,-,-,-,-,-,24.27916667,86.65000000,25-05-2004 00:00,"",
572,Jasidih,CGWB,20,Jharkhand,324,DEOGHAR,MADHUPUR,MADHUPUR,Jasidih,-,-,-,-,-,-,24.27916667,86.65000000,25-05-2005 00:00,"",
573,Jasidih,CGWB,20,Jharkhand,324,DEOGHAR,MADHUPUR,MADHUPUR,Jasidih,-,-,-,-,-,-,24.27916667,86.65000000,25-05-2008 00:00,"",
574,Jasidih,CGWB,20,Jharkhand,324,DEOGHAR,MADHUPUR,MADHUPUR,Jasidih,-,-,-,-,-,-,24.27916667,86.65000000,25-05-2009 00:00,"",
575,Jasidih,CGWB,20,Jharkhand,324,DEOGHAR,MADHUPUR,MADHUPUR,Jasidih,-,-,-,-,-,-,24.27916667,86.65000000,25-05-2010 00:00,"",
576,Jasidih,CGWB,20,Jharkhand,324,DEOGHAR,MADHUPUR,MADHUPUR,Jasidih,-,-,-,-,-,-,24.27916667,86.65000000,25-05-2012 00:00,"",
577,Jasidih,CGWB,20,Jharkhand,324,DEOGHAR,MADHUPUR,MADHUPUR,Jasidih,-,-,-,-,-,-,24.27916667,86.65000000,25-05-2013 00:00,"",
578,Jharia,CGWB,20,Jharkhand,325,DHANBAD,JHARIA-JORAPOKHAR-SI,JHARIA-JORAPOKHAR-SI,Jharia,-,-,-,-,-,-,23.74166667,86.43333333,25-05-2000 00:00,"",
579,Jharia,CGWB,20,Jharkhand,325,DHANBAD,JHARIA-JORAPOKHAR-SI,JHARIA-JORAPOKHAR-SI,Jharia,-,-,-,-,-,-,23.74166667,86.43333333,25-05-2001 00:00,"",
580,Jharia,CGWB,20,Jharkhand,325,DHANBAD,JHARIA-JORAPOKHAR-SI,JHARIA-JORAPOKHAR-SI,Jharia,-,-,-,-,-,-,23.74166667,86.43333333,25-05-2002 00:00,"",
581,Jharia,CGWB,20,Jharkhand,325,DHANBAD,JHARIA-JORAPOKHAR-SI,JHARIA-JORAPOKHAR-SI,Jharia,-,-,-,-,-,-,23.74166667,86.43333333,25-05-2003 00:00,"",
582,Jharia,CGWB,20,Jharkhand,325,DHANBAD,JHARIA-JORAPOKHAR-SI,JHARIA-JORAPOKHAR-SI,Jharia,-,-,-,-,-,-,23.74166667,86.43333333,25-05-2004 00:00,"",
583,Jharia,CGWB,20,Jharkhand,325,DHANBAD,JHARIA-JORAPOKHAR-SI,JHARIA-JORAPOKHAR-SI,Jharia,-,-,-,-,-,-,23.74166667,86.43333333,25-05-2006 00:00,"",
584,Jharia,CGWB,20,Jharkhand,325,DHANBAD,JHARIA-JORAPOKHAR-SI,JHARIA-JORAPOKHAR-SI,Jharia,-,-,-,-,-,-,23.74166667,86.43333333,25-05-2007 00:00,"",
585,Jharia,CGWB,20,Jharkhand,325,DHANBAD,JHARIA-JORAPOKHAR-SI,JHARIA-JORAPOKHAR-SI,Jharia,-,-,-,-,-,-,23.74166667,86.43333333,25-05-2011 00:00,"",
586,Jharia,CGWB,20,Jharkhand,325,DHANBAD,JHARIA-JORAPOKHAR-SI,JHARIA-JORAPOKHAR-SI,Jharia,-,-,-,-,-,-,23.74166667,86.43333333,25-05-2012 00:00,"",
587,Jharia,CGWB,20,Jharkhand,325,DHANBAD,JHARIA-JORAPOKHAR-SI,JHARIA-JORAPOKHAR-SI,Jharia,-,-,-,-,-,-,23.74166667,86.43333333,25-05-2013 00:00,"",
588,Jhinkpani,CGWB,20,Jharkhand,343,PASHCHIMI SINGHBHUM,JHINKPANI,JHINKPANI,Jhinkpani,-,-,-,-,-,-,22.41666667,85.77361111,25-05-2002 00:00,"",
589,Jhinkpani,CGWB,20,Jharkhand,343,PASHCHIMI SINGHBHUM,JHINKPANI,JHINKPANI,Jhinkpani,-,-,-,-,-,-,22.41666667,85.77361111,25-05-2004 00:00,"",
590,Jhinkpani,CGWB,20,Jharkhand,343,PASHCHIMI SINGHBHUM,JHINKPANI,JHINKPANI,Jhinkpani,-,-,-,-,-,-,22.41666667,85.77361111,25-05-2007 00:00,"",
591,Jhinkpani,CGWB,20,Jharkhand,343,PASHCHIMI SINGHBHUM,JHINKPANI,JHINKPANI,Jhinkpani,-,-,-,-,-,-,22.41666667,85.77361111,25-05-2012 00:00,"",
592,Jhinkpani,CGWB,20,Jharkhand,343,PASHCHIMI SINGHBHUM,JHINKPANI,JHINKPANI,Jhinkpani,-,-,-,-,-,-,22.41666667,85.77361111,25-05-2013 00:00,"",
593,Jonha,CGWB,20,Jharkhand,339,RANCHI,ANGARA,ANGARA,Jonha,-,-,-,-,-,-,23.36944444,85.62166667,25-05-2012 00:00,"",
594,Jonha,CGWB,20,Jharkhand,339,RANCHI,ANGARA,ANGARA,Jonha,-,-,-,-,-,-,23.36944444,85.62166667,25-05-2013 00:00,"",
595,Kajri,CGWB,20,Jharkhand,338,PALAMAU,PATAN,PATAN,Kajri,-,-,-,-,-,-,24.07916667,84.15833333,25-05-2008 00:00,"",
596,Kajri,CGWB,20,Jharkhand,338,PALAMAU,PATAN,PATAN,Kajri,-,-,-,-,-,-,24.07916667,84.15833333,25-05-2009 00:00,"",
597,Kajri,CGWB,20,Jharkhand,338,PALAMAU,PATAN,PATAN,Kajri,-,-,-,-,-,-,24.07916667,84.15833333,25-05-2010 00:00,"",
598,Kajri,CGWB,20,Jharkhand,338,PALAMAU,PATAN,PATAN,Kajri,-,-,-,-,-,-,24.07916667,84.15833333,25-05-2011 00:00,"",
599,Kajri,CGWB,20,Jharkhand,338,PALAMAU,PATAN,PATAN,Kajri,-,-,-,-,-,-,24.07916667,84.15833333,25-05-2012 00:00,"",
600,Kalikapur,CGWB,20,Jharkhand,327,PURBI SINGHBHUM,POTKA,POTKA,Kalikapur,-,-,-,-,-,-,22.59583333,86.29083333,25-05-2003 00:00,"",
601,Kalikapur,CGWB,20,Jharkhand,327,PURBI SINGHBHUM,POTKA,POTKA,Kalikapur,-,-,-,-,-,-,22.59583333,86.29083333,25-05-2005 00:00,"",
602,Kalikapur,CGWB,20,Jharkhand,327,PURBI SINGHBHUM,POTKA,POTKA,Kalikapur,-,-,-,-,-,-,22.59583333,86.29083333,25-05-2006 00:00,"",
603,Kalikapur,CGWB,20,Jharkhand,327,PURBI SINGHBHUM,POTKA,POTKA,Kalikapur,-,-,-,-,-,-,22.59583333,86.29083333,25-05-2007 00:00,"",
604,Kalikapur,CGWB,20,Jharkhand,327,PURBI SINGHBHUM,POTKA,POTKA,Kalikapur,-,-,-,-,-,-,22.59583333,86.29083333,25-05-2009 00:00,"",
605,Kalimati,CGWB,20,Jharkhand,339,RANCHI,KARRA,KARRA,Kalimati,-,-,-,-,-,-,23.22083333,85.07222222,25-05-2003 00:00,"",
606,Kalimati,CGWB,20,Jharkhand,339,RANCHI,KARRA,KARRA,Kalimati,-,-,-,-,-,-,23.22083333,85.07222222,25-05-2006 00:00,"",
607,Kalimati,CGWB,20,Jharkhand,339,RANCHI,KARRA,KARRA,Kalimati,-,-,-,-,-,-,23.22083333,85.07222222,25-05-2012 00:00,"",
608,Kalimati,CGWB,20,Jharkhand,339,RANCHI,KARRA,KARRA,Kalimati,-,-,-,-,-,-,23.22083333,85.07222222,25-05-2013 00:00,"",
609,Kanda,CGWB,20,Jharkhand,338,PALAMAU,CHHATARPUR,CHHATARPUR,Kanda,-,-,-,-,-,-,24.31250000,84.09166667,25-05-2004 00:00,"",
610,Kanda,CGWB,20,Jharkhand,338,PALAMAU,CHHATARPUR,CHHATARPUR,Kanda,-,-,-,-,-,-,24.31250000,84.09166667,25-05-2008 00:00,"",
611,Kanda,CGWB,20,Jharkhand,338,PALAMAU,CHHATARPUR,CHHATARPUR,Kanda,-,-,-,-,-,-,24.31250000,84.09166667,25-05-2009 00:00,"",
612,Kanda,CGWB,20,Jharkhand,338,PALAMAU,CHHATARPUR,CHHATARPUR,Kanda,-,-,-,-,-,-,24.31250000,84.09166667,25-05-2010 00:00,"",
613,Kanda,CGWB,20,Jharkhand,338,PALAMAU,CHHATARPUR,CHHATARPUR,Kanda,-,-,-,-,-,-,24.31250000,84.09166667,25-05-2011 00:00,"",
614,Kanda,CGWB,20,Jharkhand,338,PALAMAU,CHHATARPUR,CHHATARPUR,Kanda,-,-,-,-,-,-,24.31250000,84.09166667,25-05-2012 00:00,"",
615,Kandra,CGWB,20,Jharkhand,343,PASHCHIMI SINGHBHUM,ADITYAPUR(GAMHARIA),ADITYAPUR(GAMHARIA),Kandra,-,-,-,-,-,-,22.85833333,86.05833333,25-05-2003 00:00,"",
616,Kandra,CGWB,20,Jharkhand,343,PASHCHIMI SINGHBHUM,ADITYAPUR(GAMHARIA),ADITYAPUR(GAMHARIA),Kandra,-,-,-,-,-,-,22.85833333,86.05833333,25-05-2004 00:00,"",
617,Kandra,CGWB,20,Jharkhand,343,PASHCHIMI SINGHBHUM,ADITYAPUR(GAMHARIA),ADITYAPUR(GAMHARIA),Kandra,-,-,-,-,-,-,22.85833333,86.05833333,25-05-2005 00:00,"",
618,Kandra,CGWB,20,Jharkhand,343,PASHCHIMI SINGHBHUM,ADITYAPUR(GAMHARIA),ADITYAPUR(GAMHARIA),Kandra,-,-,-,-,-,-,22.85833333,86.05833333,25-05-2006 00:00,"",
619,Kandra,CGWB,20,Jharkhand,343,PASHCHIMI SINGHBHUM,ADITYAPUR(GAMHARIA),ADITYAPUR(GAMHARIA),Kandra,-,-,-,-,-,-,22.85833333,86.05833333,25-05-2007 00:00,"",
620,Kandra,CGWB,20,Jharkhand,343,PASHCHIMI SINGHBHUM,ADITYAPUR(GAMHARIA),ADITYAPUR(GAMHARIA),Kandra,-,-,-,-,-,-,22.85833333,86.05833333,25-05-2009 00:00,"",
621,Kandra,CGWB,20,Jharkhand,343,PASHCHIMI SINGHBHUM,ADITYAPUR(GAMHARIA),ADITYAPUR(GAMHARIA),Kandra,-,-,-,-,-,-,22.85833333,86.05833333,25-05-2010 00:00,"",
622,Kanke1,CGWB,20,Jharkhand,339,RANCHI,KANKE,KANKE,Kanke,-,-,-,-,-,-,23.41472222,85.30666667,25-05-2012 00:00,"",
623,Kantitanr,CGWB,20,Jharkhand,339,RANCHI,RATU,RATU,Kantitanr,-,-,-,-,-,-,23.41361111,85.22777778,25-05-2012 00:00,"",
624,Kantitanr,CGWB,20,Jharkhand,339,RANCHI,RATU,RATU,Kantitanr,-,-,-,-,-,-,23.41361111,85.22777778,25-05-2013 00:00,"",
625,Karapurti,CGWB,20,Jharkhand,339,RANCHI,BUNDU,BUNDU,Karapurti,-,-,-,-,-,-,23.24166667,85.50000000,25-05-2006 00:00,"",
626,Karapurti,CGWB,20,Jharkhand,339,RANCHI,BUNDU,BUNDU,Karapurti,-,-,-,-,-,-,23.24166667,85.50000000,25-05-2007 00:00,"",
627,Karapurti,CGWB,20,Jharkhand,339,RANCHI,BUNDU,BUNDU,Karapurti,-,-,-,-,-,-,23.24166667,85.50000000,25-05-2008 00:00,"",
628,karra,CGWB,20,Jharkhand,339,RANCHI,KARRA,-,-,-,-,-,-,-,-,23.12916667,85.12222222,25-05-2013 00:00,"",
629,Karra1,CGWB,20,Jharkhand,339,RANCHI,KARRA,KARRA,Karra,-,-,-,-,-,-,23.12916667,85.12222222,25-05-2003 00:00,"",
630,Karra1,CGWB,20,Jharkhand,339,RANCHI,KARRA,KARRA,Karra,-,-,-,-,-,-,23.12916667,85.12222222,25-05-2007 00:00,"",
631,Karra1,CGWB,20,Jharkhand,339,RANCHI,KARRA,KARRA,Karra,-,-,-,-,-,-,23.12916667,85.12222222,25-05-2008 00:00,"",
632,Karra1,CGWB,20,Jharkhand,339,RANCHI,KARRA,KARRA,Karra,-,-,-,-,-,-,23.12916667,85.12222222,25-05-2009 00:00,"",
633,Karra1,CGWB,20,Jharkhand,339,RANCHI,KARRA,KARRA,Karra,-,-,-,-,-,-,23.12916667,85.12222222,25-05-2010 00:00,"",
634,Karra1,CGWB,20,Jharkhand,339,RANCHI,KARRA,KARRA,Karra,-,-,-,-,-,-,23.12916667,85.12222222,25-05-2011 00:00,"",
635,Kasir,CGWB,20,Jharkhand,331,GUMLA,RAIDIH,RAIDIH,Kasir,-,-,-,-,-,-,23.05722222,84.35527778,25-05-2012 00:00,"",
636,Kasir,CGWB,20,Jharkhand,331,GUMLA,RAIDIH,RAIDIH,Kasir,-,-,-,-,-,-,23.05722222,84.35527778,25-05-2013 00:00,"",
637,Kathikund,CGWB,20,Jharkhand,326,DUMKA,JAMA,JAMA,Kathikund,-,-,-,-,-,-,24.26666667,87.06666667,25-05-2002 00:00,"",
638,Kathikund,CGWB,20,Jharkhand,326,DUMKA,JAMA,JAMA,Kathikund,-,-,-,-,-,-,24.26666667,87.06666667,25-05-2003 00:00,"",
639,Kathikund,CGWB,20,Jharkhand,326,DUMKA,JAMA,JAMA,Kathikund,-,-,-,-,-,-,24.26666667,87.06666667,25-05-2004 00:00,"",
640,Kathikund,CGWB,20,Jharkhand,326,DUMKA,JAMA,JAMA,Kathikund,-,-,-,-,-,-,24.26666667,87.06666667,25-05-2005 00:00,"",
641,Kathikund,CGWB,20,Jharkhand,326,DUMKA,JAMA,JAMA,Kathikund,-,-,-,-,-,-,24.26666667,87.06666667,25-05-2008 00:00,"",
642,Kathikund,CGWB,20,Jharkhand,326,DUMKA,JAMA,JAMA,Kathikund,-,-,-,-,-,-,24.26666667,87.06666667,25-05-2009 00:00,"",
643,Kathikund,CGWB,20,Jharkhand,326,DUMKA,JAMA,JAMA,Kathikund,-,-,-,-,-,-,24.26666667,87.06666667,25-05-2010 00:00,"",
644,Kathikund,CGWB,20,Jharkhand,326,DUMKA,JAMA,JAMA,Kathikund,-,-,-,-,-,-,24.26666667,87.06666667,25-05-2011 00:00,"",
645,Kathikund,CGWB,20,Jharkhand,326,DUMKA,JAMA,JAMA,Kathikund,-,-,-,-,-,-,24.26666667,87.06666667,25-05-2012 00:00,"",
646,Kathikund,CGWB,20,Jharkhand,326,DUMKA,JAMA,JAMA,Kathikund,-,-,-,-,-,-,24.26666667,87.06666667,25-05-2013 00:00,"",
647,Katras,CGWB,20,Jharkhand,325,DHANBAD,BAGHMARA CUM KATRAS,BAGHMARA CUM KATRAS,Katras,-,-,-,-,-,-,23.81333333,86.29166667,25-05-2004 00:00,"",
648,Katras,CGWB,20,Jharkhand,325,DHANBAD,BAGHMARA CUM KATRAS,BAGHMARA CUM KATRAS,Katras,-,-,-,-,-,-,23.81333333,86.29166667,25-05-2010 00:00,"",
649,Katras,CGWB,20,Jharkhand,325,DHANBAD,BAGHMARA CUM KATRAS,BAGHMARA CUM KATRAS,Katras,-,-,-,-,-,-,23.81333333,86.29166667,25-05-2011 00:00,"",
650,Katras,CGWB,20,Jharkhand,325,DHANBAD,BAGHMARA CUM KATRAS,BAGHMARA CUM KATRAS,Katras,-,-,-,-,-,-,23.81333333,86.29166667,25-05-2012 00:00,"",
651,Keradari,CGWB,20,Jharkhand,332,HAZARIBAG,KEREDARI,KEREDARI,Keradari,-,-,-,-,-,-,23.95333333,85.06388889,25-05-2012 00:00,"",
652,Keradari,CGWB,20,Jharkhand,332,HAZARIBAG,KEREDARI,KEREDARI,Keradari,-,-,-,-,-,-,23.86250000,85.08611111,25-05-2012 00:00,"",
653,Keradari,CGWB,20,Jharkhand,332,HAZARIBAG,KEREDARI,KEREDARI,Keradari,-,-,-,-,-,-,23.95333333,85.06388889,25-05-2013 00:00,"",
654,Kereikela,CGWB,20,Jharkhand,343,PASHCHIMI SINGHBHUM,ADITYAPUR(GAMHARIA),ADITYAPUR(GAMHARIA),Kereikela,-,-,-,-,-,-,22.85027778,86.06277778,25-05-2007 00:00,"",
655,Kereikela,CGWB,20,Jharkhand,343,PASHCHIMI SINGHBHUM,ADITYAPUR(GAMHARIA),ADITYAPUR(GAMHARIA),Kereikela,-,-,-,-,-,-,22.85027778,86.06277778,25-05-2008 00:00,"",
656,Kereikela,CGWB,20,Jharkhand,343,PASHCHIMI SINGHBHUM,ADITYAPUR(GAMHARIA),ADITYAPUR(GAMHARIA),Kereikela,-,-,-,-,-,-,22.85027778,86.06277778,25-05-2009 00:00,"",
657,Kereikela,CGWB,20,Jharkhand,343,PASHCHIMI SINGHBHUM,ADITYAPUR(GAMHARIA),ADITYAPUR(GAMHARIA),Kereikela,-,-,-,-,-,-,22.85027778,86.06277778,25-05-2010 00:00,"",
658,Kereikela,CGWB,20,Jharkhand,343,PASHCHIMI SINGHBHUM,ADITYAPUR(GAMHARIA),ADITYAPUR(GAMHARIA),Kereikela,-,-,-,-,-,-,22.85027778,86.06277778,25-05-2011 00:00,"",
659,Kereikela,CGWB,20,Jharkhand,343,PASHCHIMI SINGHBHUM,ADITYAPUR(GAMHARIA),ADITYAPUR(GAMHARIA),Kereikela,-,-,-,-,-,-,22.85027778,86.06277778,25-05-2012 00:00,"",
660,Kereikela,CGWB,20,Jharkhand,343,PASHCHIMI SINGHBHUM,ADITYAPUR(GAMHARIA),ADITYAPUR(GAMHARIA),Kereikela,-,-,-,-,-,-,22.85027778,86.06277778,25-05-2013 00:00,"",
661,Keshargaria,CGWB,20,Jharkhand,343,PASHCHIMI SINGHBHUM,MANOHARPUR,MANOHARPUR,Keshargaria,-,-,-,-,-,-,22.30833333,85.31250000,25-05-2007 00:00,"",
662,Keshargaria,CGWB,20,Jharkhand,343,PASHCHIMI SINGHBHUM,MANOHARPUR,MANOHARPUR,Keshargaria,-,-,-,-,-,-,22.30833333,85.31250000,25-05-2008 00:00,"",
663,Keshargaria,CGWB,20,Jharkhand,343,PASHCHIMI SINGHBHUM,MANOHARPUR,MANOHARPUR,Keshargaria,-,-,-,-,-,-,22.30833333,85.31250000,25-05-2011 00:00,"",
664,Keshargaria,CGWB,20,Jharkhand,343,PASHCHIMI SINGHBHUM,MANOHARPUR,MANOHARPUR,Keshargaria,-,-,-,-,-,-,22.30833333,85.31250000,25-05-2012 00:00,"",
665,Kharke,CGWB,20,Jharkhand,331,GUMLA,GUMLA,GUMLA,Kharka,-,-,-,-,-,-,23.16194444,84.52361111,25-05-2012 00:00,"",
666,Kharke,CGWB,20,Jharkhand,331,GUMLA,GUMLA,GUMLA,Kharka,-,-,-,-,-,-,23.16194444,84.52361111,25-05-2013 00:00,"",
667,Kharsawan,CGWB,20,Jharkhand,343,PASHCHIMI SINGHBHUM,KHARSAWAN,KHARSAWAN,Kharsawan,-,-,-,-,-,-,22.78611111,85.83333333,25-05-2003 00:00,"",
668,Kharsawan,CGWB,20,Jharkhand,343,PASHCHIMI SINGHBHUM,KHARSAWAN,KHARSAWAN,Kharsawan,-,-,-,-,-,-,22.78611111,85.83333333,25-05-2007 00:00,"",
669,Kharsawan,CGWB,20,Jharkhand,343,PASHCHIMI SINGHBHUM,KHARSAWAN,KHARSAWAN,Kharsawan,-,-,-,-,-,-,22.78611111,85.83333333,25-05-2009 00:00,"",
670,Kharsawan,CGWB,20,Jharkhand,343,PASHCHIMI SINGHBHUM,KHARSAWAN,KHARSAWAN,Kharsawan,-,-,-,-,-,-,22.78611111,85.83333333,25-05-2010 00:00,"",
671,Kharsawan,CGWB,20,Jharkhand,343,PASHCHIMI SINGHBHUM,KHARSAWAN,KHARSAWAN,Kharsawan,-,-,-,-,-,-,22.78611111,85.83333333,25-05-2011 00:00,"",
672,Kharsawan,CGWB,20,Jharkhand,343,PASHCHIMI SINGHBHUM,KHARSAWAN,KHARSAWAN,Kharsawan,-,-,-,-,-,-,22.78611111,85.83333333,25-05-2012 00:00,"",
673,Kharsawan,CGWB,20,Jharkhand,343,PASHCHIMI SINGHBHUM,KHARSAWAN,KHARSAWAN,Kharsawan,-,-,-,-,-,-,22.78611111,85.83333333,25-05-2013 00:00,"",
674,Khijri,CGWB,20,Jharkhand,329,GIRIDIH,TISRI,TISRI,Khijri,-,-,-,-,-,-,24.54444444,86.10055556,25-05-2003 00:00,"",
675,Khunti,CGWB,20,Jharkhand,339,RANCHI,KHUNTI,KHUNTI,Khunti,-,-,-,-,-,-,23.06666667,85.27333333,25-05-2002 00:00,"",
676,Khunti,CGWB,20,Jharkhand,339,RANCHI,KHUNTI,KHUNTI,Khunti,-,-,-,-,-,-,23.06666667,85.27333333,25-05-2004 00:00,"",
677,Khunti,CGWB,20,Jharkhand,339,RANCHI,KHUNTI,KHUNTI,Khunti,-,-,-,-,-,-,23.06666667,85.27333333,25-05-2005 00:00,"",
678,Khunti,CGWB,20,Jharkhand,339,RANCHI,KHUNTI,KHUNTI,Khunti,-,-,-,-,-,-,23.06666667,85.27333333,25-05-2006 00:00,"",
679,Khunti,CGWB,20,Jharkhand,339,RANCHI,KHUNTI,KHUNTI,Khunti,-,-,-,-,-,-,23.06666667,85.27333333,25-05-2009 00:00,"",
680,Khunti,CGWB,20,Jharkhand,339,RANCHI,KHUNTI,KHUNTI,Khunti,-,-,-,-,-,-,23.06666667,85.27333333,25-05-2010 00:00,"",
681,Khunti,CGWB,20,Jharkhand,339,RANCHI,KHUNTI,KHUNTI,Khunti,-,-,-,-,-,-,23.06666667,85.27333333,25-05-2011 00:00,"",
682,Khunti,CGWB,20,Jharkhand,339,RANCHI,KHUNTI,KHUNTI,Khunti,-,-,-,-,-,-,23.06666667,85.27333333,25-05-2012 00:00,"",
683,Khuntpani,CGWB,20,Jharkhand,343,PASHCHIMI SINGHBHUM,KHUNTPANI,KHUNTPANI,Khuntpani,-,-,-,-,-,-,22.62500000,85.76388889,25-05-2003 00:00,"",
684,Khuntpani,CGWB,20,Jharkhand,343,PASHCHIMI SINGHBHUM,KHUNTPANI,KHUNTPANI,Khuntpani,-,-,-,-,-,-,22.62500000,85.76388889,25-05-2004 00:00,"",
685,Khuntpani,CGWB,20,Jharkhand,343,PASHCHIMI SINGHBHUM,KHUNTPANI,KHUNTPANI,Khuntpani,-,-,-,-,-,-,22.62500000,85.76388889,25-05-2012 00:00,"",
686,Khuntpani,CGWB,20,Jharkhand,343,PASHCHIMI SINGHBHUM,KHUNTPANI,KHUNTPANI,Khuntpani,-,-,-,-,-,-,22.62500000,85.76388889,25-05-2013 00:00,"",
687,Kisko,CGWB,20,Jharkhand,336,LOHARDAGA,KISKO,KISKO,Kisko,-,-,-,-,-,-,23.51388889,84.67083333,25-05-2003 00:00,"",
688,Kisko,CGWB,20,Jharkhand,336,LOHARDAGA,KISKO,KISKO,Kisko,-,-,-,-,-,-,23.51388889,84.67083333,25-05-2012 00:00,"",
689,Kisko1,CGWB,20,Jharkhand,336,LOHARDAGA,KISKO,KISKO,Kisko,-,-,-,-,-,-,23.51388889,84.67138889,25-05-2001 00:00,"",
690,Kita,CGWB,20,Jharkhand,339,RANCHI,SILLI,SILLI,Kita,-,-,-,-,-,-,23.36555556,85.75638889,25-05-2012 00:00,"",
691,Kita,CGWB,20,Jharkhand,339,RANCHI,SILLI,SILLI,Kita,-,-,-,-,-,-,23.36555556,85.75638889,25-05-2013 00:00,"",
692,Kodarma,CGWB,20,Jharkhand,334,KODARMA,KODARMA,KODARMA,Kodarma,-,-,-,-,-,-,24.46944444,85.60000000,25-05-2002 00:00,"",
693,Kodarma,CGWB,20,Jharkhand,334,KODARMA,KODARMA,KODARMA,Kodarma,-,-,-,-,-,-,24.46944444,85.60000000,25-05-2004 00:00,"",
694,Kodarma,CGWB,20,Jharkhand,334,KODARMA,KODARMA,KODARMA,Kodarma,-,-,-,-,-,-,24.46944444,85.60000000,25-05-2012 00:00,"",
695,Kodarma,CGWB,20,Jharkhand,334,KODARMA,KODARMA,KODARMA,Kodarma,-,-,-,-,-,-,24.46944444,85.60000000,25-05-2013 00:00,"",
696,Kokcho,CGWB,20,Jharkhand,343,PASHCHIMI SINGHBHUM,TANTNAGAR,TANTNAGAR,Kokcho,-,-,-,-,-,-,22.46250000,85.90833333,25-05-2002 00:00,"",
697,Kokcho,CGWB,20,Jharkhand,343,PASHCHIMI SINGHBHUM,TANTNAGAR,TANTNAGAR,Kokcho,-,-,-,-,-,-,22.46250000,85.90833333,25-05-2003 00:00,"",
698,Kokcho,CGWB,20,Jharkhand,343,PASHCHIMI SINGHBHUM,TANTNAGAR,TANTNAGAR,Kokcho,-,-,-,-,-,-,22.46250000,85.90833333,25-05-2006 00:00,"",
699,Kokcho,CGWB,20,Jharkhand,343,PASHCHIMI SINGHBHUM,TANTNAGAR,TANTNAGAR,Kokcho,-,-,-,-,-,-,22.46250000,85.90833333,25-05-2007 00:00,"",
700,Kokcho,CGWB,20,Jharkhand,343,PASHCHIMI SINGHBHUM,TANTNAGAR,TANTNAGAR,Kokcho,-,-,-,-,-,-,22.46250000,85.90833333,25-05-2008 00:00,"",
701,Kokcho,CGWB,20,Jharkhand,343,PASHCHIMI SINGHBHUM,TANTNAGAR,TANTNAGAR,Kokcho,-,-,-,-,-,-,22.46250000,85.90833333,25-05-2009 00:00,"",
702,Kokcho,CGWB,20,Jharkhand,343,PASHCHIMI SINGHBHUM,TANTNAGAR,TANTNAGAR,Kokcho,-,-,-,-,-,-,22.46250000,85.90833333,25-05-2010 00:00,"",
703,Kokcho,CGWB,20,Jharkhand,343,PASHCHIMI SINGHBHUM,TANTNAGAR,TANTNAGAR,Kokcho,-,-,-,-,-,-,22.46250000,85.90833333,25-05-2011 00:00,"",
704,Kokcho,CGWB,20,Jharkhand,343,PASHCHIMI SINGHBHUM,TANTNAGAR,TANTNAGAR,Kokcho,-,-,-,-,-,-,22.46250000,85.90833333,25-05-2012 00:00,"",
705,Kokcho,CGWB,20,Jharkhand,343,PASHCHIMI SINGHBHUM,TANTNAGAR,TANTNAGAR,Kokcho,-,-,-,-,-,-,22.46250000,85.90833333,25-05-2013 00:00,"",
706,Kolebira,CGWB,20,Jharkhand,331,GUMLA,KOLEBIRA,KOLEBIRA,Kolebira,-,-,-,-,-,-,22.70500000,84.68361111,25-05-2002 00:00,"",
707,Kolebira,CGWB,20,Jharkhand,331,GUMLA,KOLEBIRA,KOLEBIRA,Kolebira,-,-,-,-,-,-,22.70500000,84.68361111,25-05-2007 00:00,"",
708,Kolebira,CGWB,20,Jharkhand,331,GUMLA,KOLEBIRA,KOLEBIRA,Kolebira,-,-,-,-,-,-,22.70500000,84.68361111,25-05-2008 00:00,"",
709,Kolebira,CGWB,20,Jharkhand,331,GUMLA,KOLEBIRA,KOLEBIRA,Kolebira,-,-,-,-,-,-,22.70500000,84.68361111,25-05-2009 00:00,"",
710,Kolebira,CGWB,20,Jharkhand,331,GUMLA,KOLEBIRA,KOLEBIRA,Kolebira,-,-,-,-,-,-,22.70500000,84.68361111,25-05-2010 00:00,"",
711,Kolebira,CGWB,20,Jharkhand,331,GUMLA,KOLEBIRA,KOLEBIRA,Kolebira,-,-,-,-,-,-,22.70500000,84.68361111,25-05-2011 00:00,"",
712,Kuju,CGWB,20,Jharkhand,332,HAZARIBAG,MANDU,MANDU,Kuju,-,-,-,-,-,-,23.71527778,85.50833333,25-05-2012 00:00,"",
713,Kundahit,CGWB,20,Jharkhand,326,DUMKA,KUNDAHIT,KUNDAHIT,Kundahit,-,-,-,-,-,-,23.91666667,87.16666667,25-05-2005 00:00,"",
714,Kundahit,CGWB,20,Jharkhand,326,DUMKA,KUNDAHIT,KUNDAHIT,Kundahit,-,-,-,-,-,-,23.91666667,87.16666667,25-05-2009 00:00,"",
715,Kundahit,CGWB,20,Jharkhand,326,DUMKA,KUNDAHIT,KUNDAHIT,Kundahit,-,-,-,-,-,-,23.91666667,87.16666667,25-05-2010 00:00,"",
716,Kundahit,CGWB,20,Jharkhand,326,DUMKA,KUNDAHIT,KUNDAHIT,Kundahit,-,-,-,-,-,-,23.91666667,87.16666667,25-05-2012 00:00,"",
717,Kuru1,CGWB,20,Jharkhand,336,LOHARDAGA,KURU,KURU,Kuru,-,-,-,-,-,-,23.53638889,84.81555556,25-05-2002 00:00,"",
718,Kuru1,CGWB,20,Jharkhand,336,LOHARDAGA,KURU,KURU,Kuru,-,-,-,-,-,-,23.53638889,84.81555556,25-05-2003 00:00,"",
719,Kuru1,CGWB,20,Jharkhand,336,LOHARDAGA,KURU,KURU,Kuru,-,-,-,-,-,-,23.53638889,84.81555556,25-05-2006 00:00,"",
720,Kuru1,CGWB,20,Jharkhand,336,LOHARDAGA,KURU,KURU,Kuru,-,-,-,-,-,-,23.53638889,84.81555556,25-05-2012 00:00,"",
721,Kuru1,CGWB,20,Jharkhand,336,LOHARDAGA,KURU,KURU,Kuru,-,-,-,-,-,-,23.53638889,84.81555556,25-05-2013 00:00,"",
722,Kuru dispensary,CGWB,20,Jharkhand,336,LOHARDAGA,KURU,KURU,Kuru,-,-,-,-,-,-,23.53611111,84.81527778,25-05-2001 00:00,"",
723,Kuru dispensary,CGWB,20,Jharkhand,336,LOHARDAGA,KURU,KURU,Kuru,-,-,-,-,-,-,23.53611111,84.81527778,25-05-2007 00:00,"",
724,Kuru dispensary,CGWB,20,Jharkhand,336,LOHARDAGA,KURU,KURU,Kuru,-,-,-,-,-,-,23.53611111,84.81527778,25-05-2009 00:00,"",
725,Lachargarh,CGWB,20,Jharkhand,331,GUMLA,KOLEBIRA,KOLEBIRA,Lachargarh,-,-,-,-,-,-,22.66000000,84.83666667,25-05-2003 00:00,"",
726,Lachargarh,CGWB,20,Jharkhand,331,GUMLA,KOLEBIRA,KOLEBIRA,Lachargarh,-,-,-,-,-,-,22.66000000,84.83666667,25-05-2009 00:00,"",
727,Lachargarh,CGWB,20,Jharkhand,331,GUMLA,KOLEBIRA,KOLEBIRA,Lachargarh,-,-,-,-,-,-,22.66000000,84.83666667,25-05-2010 00:00,"",
728,Lachargarh,CGWB,20,Jharkhand,331,GUMLA,KOLEBIRA,KOLEBIRA,Lachargarh,-,-,-,-,-,-,22.66000000,84.83666667,25-05-2011 00:00,"",
729,Lachargarh,CGWB,20,Jharkhand,331,GUMLA,KOLEBIRA,KOLEBIRA,Lachargarh,-,-,-,-,-,-,22.66000000,84.83666667,25-05-2012 00:00,"",
730,Lalmatia,CGWB,20,Jharkhand,330,GODDA,BOARIJOR,BOARIJOR,Lalmatia,-,-,-,-,-,-,25.05000000,87.36666667,25-05-2002 00:00,"",
731,Lalmatia,CGWB,20,Jharkhand,330,GODDA,BOARIJOR,BOARIJOR,Lalmatia,-,-,-,-,-,-,25.05000000,87.36666667,25-05-2005 00:00,"",
732,Lalmatia,CGWB,20,Jharkhand,330,GODDA,BOARIJOR,BOARIJOR,Lalmatia,-,-,-,-,-,-,25.05000000,87.36666667,25-05-2012 00:00,"",
733,Latehar,CGWB,20,Jharkhand,338,PALAMAU,LATEHAR,LATEHAR,Latehar,-,-,-,-,-,-,23.74583333,84.40833333,25-05-2001 00:00,"",
734,Latehar,CGWB,20,Jharkhand,338,PALAMAU,LATEHAR,LATEHAR,Latehar,-,-,-,-,-,-,23.74583333,84.40833333,25-05-2004 00:00,"",
735,Latehar,CGWB,20,Jharkhand,338,PALAMAU,LATEHAR,LATEHAR,Latehar,-,-,-,-,-,-,23.74583333,84.40833333,25-05-2008 00:00,"",
736,Latehar,CGWB,20,Jharkhand,338,PALAMAU,LATEHAR,LATEHAR,Latehar,-,-,-,-,-,-,23.74583333,84.40833333,25-05-2009 00:00,"",
737,Latehar,CGWB,20,Jharkhand,338,PALAMAU,LATEHAR,LATEHAR,Latehar,-,-,-,-,-,-,23.74583333,84.40833333,25-05-2010 00:00,"",
738,Latehar,CGWB,20,Jharkhand,338,PALAMAU,LATEHAR,LATEHAR,Latehar,-,-,-,-,-,-,23.74583333,84.40833333,25-05-2011 00:00,"",
739,Lesliganj,CGWB,20,Jharkhand,338,PALAMAU,LESLIEGANJ,LESLIEGANJ,Lesliganj,-,-,-,-,-,-,24.04583333,84.22500000,25-05-2001 00:00,"",
740,Lesliganj,CGWB,20,Jharkhand,338,PALAMAU,LESLIEGANJ,LESLIEGANJ,Lesliganj,-,-,-,-,-,-,24.04583333,84.22500000,25-05-2010 00:00,"",
741,Lesliganj,CGWB,20,Jharkhand,338,PALAMAU,LESLIEGANJ,LESLIEGANJ,Lesliganj,-,-,-,-,-,-,24.04583333,84.22500000,25-05-2011 00:00,"",
742,Litipara,CGWB,20,Jharkhand,337,Pakur,LITIPARA,LITIPARA,Litipara,-,-,-,-,-,-,24.70694444,87.63000000,25-05-2005 00:00,"",
743,Litipara,CGWB,20,Jharkhand,337,Pakur,LITIPARA,LITIPARA,Litipara,-,-,-,-,-,-,24.70694444,87.63000000,25-05-2008 00:00,"",
744,Litipara,CGWB,20,Jharkhand,337,Pakur,LITIPARA,LITIPARA,Litipara,-,-,-,-,-,-,24.70694444,87.63000000,25-05-2009 00:00,"",
745,Litipara,CGWB,20,Jharkhand,337,Pakur,LITIPARA,LITIPARA,Litipara,-,-,-,-,-,-,24.70694444,87.63000000,25-05-2010 00:00,"",
746,Litipara,CGWB,20,Jharkhand,337,Pakur,LITIPARA,LITIPARA,Litipara,-,-,-,-,-,-,24.70694444,87.63000000,25-05-2011 00:00,"",
747,Litipara,CGWB,20,Jharkhand,337,Pakur,LITIPARA,LITIPARA,Litipara,-,-,-,-,-,-,24.70694444,87.63000000,25-05-2012 00:00,"",
748,Lodma,CGWB,20,Jharkhand,339,RANCHI,KARRA,KARRA,Lodma,-,-,-,-,-,-,23.23194444,85.19722222,25-05-2004 00:00,"",
749,Lodma,CGWB,20,Jharkhand,339,RANCHI,KARRA,KARRA,Lodma,-,-,-,-,-,-,23.23194444,85.19722222,25-05-2005 00:00,"",
750,Lodma,CGWB,20,Jharkhand,339,RANCHI,KARRA,KARRA,Lodma,-,-,-,-,-,-,23.23194444,85.19722222,25-05-2007 00:00,"",
751,Lodma,CGWB,20,Jharkhand,339,RANCHI,KARRA,KARRA,Lodma,-,-,-,-,-,-,23.23194444,85.19722222,25-05-2011 00:00,"",
752,Lodma,CGWB,20,Jharkhand,339,RANCHI,KARRA,KARRA,Lodma,-,-,-,-,-,-,23.23194444,85.19722222,25-05-2012 00:00,"",
753,Lodma,CGWB,20,Jharkhand,339,RANCHI,KARRA,KARRA,Lodma,-,-,-,-,-,-,23.23194444,85.19722222,25-05-2013 00:00,"",
754,Lohardaga(Patra Toli),CGWB,20,Jharkhand,336,LOHARDAGA,LOHARDAGA,LOHARDAGA,Lohardaga(Patra Toli),-,-,-,-,-,-,23.47944444,84.71194444,25-05-2012 00:00,"",
755,Lohardaga(pwdib,CGWB,20,Jharkhand,336,LOHARDAGA,LOHARDAGA,LOHARDAGA,Lohardaga(pwdib,-,-,-,-,-,-,23.46666667,84.70000000,25-05-2002 00:00,"",
756,Lohardaga(pwdib,CGWB,20,Jharkhand,336,LOHARDAGA,LOHARDAGA,LOHARDAGA,Lohardaga(pwdib,-,-,-,-,-,-,23.46666667,84.70000000,25-05-2003 00:00,"",
757,Lohardaga(pwdib,CGWB,20,Jharkhand,336,LOHARDAGA,LOHARDAGA,LOHARDAGA,Lohardaga(pwdib,-,-,-,-,-,-,23.46666667,84.70000000,25-05-2004 00:00,"",
758,Lohardaga(pwdib,CGWB,20,Jharkhand,336,LOHARDAGA,LOHARDAGA,LOHARDAGA,Lohardaga(pwdib,-,-,-,-,-,-,23.46666667,84.70000000,25-05-2007 00:00,"",
759,Lohardaga(pwdib,CGWB,20,Jharkhand,336,LOHARDAGA,LOHARDAGA,LOHARDAGA,Lohardaga(pwdib,-,-,-,-,-,-,23.46666667,84.70000000,25-05-2009 00:00,"",
760,Lohardaga(pwdib,CGWB,20,Jharkhand,336,LOHARDAGA,LOHARDAGA,LOHARDAGA,Lohardaga(pwdib,-,-,-,-,-,-,23.46666667,84.70000000,25-05-2010 00:00,"",
761,Lohardaga(pwdib,CGWB,20,Jharkhand,336,LOHARDAGA,LOHARDAGA,LOHARDAGA,Lohardaga(pwdib,-,-,-,-,-,-,23.46666667,84.70000000,25-05-2011 00:00,"",
762,Lohardaga(pwdib,CGWB,20,Jharkhand,336,LOHARDAGA,LOHARDAGA,LOHARDAGA,Lohardaga(pwdib,-,-,-,-,-,-,23.46666667,84.70000000,25-05-2013 00:00,"",
763,Madhupur,CGWB,20,Jharkhand,324,DEOGHAR,MADHUPUR,MADHUPUR,Madhupur,-,-,-,-,-,-,24.27916667,86.63750000,25-05-2005 00:00,"",
764,Madhupur,CGWB,20,Jharkhand,324,DEOGHAR,MADHUPUR,MADHUPUR,Madhupur,-,-,-,-,-,-,24.27916667,86.63750000,25-05-2006 00:00,"",
765,Madhupur,CGWB,20,Jharkhand,324,DEOGHAR,MADHUPUR,MADHUPUR,Madhupur,-,-,-,-,-,-,24.27916667,86.63750000,25-05-2008 00:00,"",
766,Madhupur,CGWB,20,Jharkhand,324,DEOGHAR,MADHUPUR,MADHUPUR,Madhupur,-,-,-,-,-,-,24.27916667,86.63750000,25-05-2009 00:00,"",
767,Madhupur,CGWB,20,Jharkhand,324,DEOGHAR,MADHUPUR,MADHUPUR,Madhupur,-,-,-,-,-,-,24.27916667,86.63750000,25-05-2010 00:00,"",
768,Madhupur,CGWB,20,Jharkhand,324,DEOGHAR,MADHUPUR,MADHUPUR,Madhupur,-,-,-,-,-,-,24.27916667,86.63750000,25-05-2012 00:00,"",
769,Madhupur,CGWB,20,Jharkhand,324,DEOGHAR,MADHUPUR,MADHUPUR,Madhupur,-,-,-,-,-,-,24.27916667,86.63750000,25-05-2013 00:00,"",
770,Madhupur1,CGWB,20,Jharkhand,324,DEOGHAR,MADHUPUR,MADHUPUR,Madhupur,-,-,-,-,-,-,24.27944444,86.63777778,25-05-2003 00:00,"",
771,Madrsachauk,CGWB,20,Jharkhand,336,LOHARDAGA,KURU,KURU,Madrsachauk,-,-,-,-,-,-,23.53361111,84.84750000,25-05-2003 00:00,"",
772,Mahagama,CGWB,20,Jharkhand,330,GODDA,MAHAGAMA,MAHAGAMA,Mahagama,-,-,-,-,-,-,25.03750000,87.32250000,25-05-2002 00:00,"",
773,Mahagama,CGWB,20,Jharkhand,330,GODDA,MAHAGAMA,MAHAGAMA,Mahagama,-,-,-,-,-,-,25.03750000,87.32250000,25-05-2005 00:00,"",
774,Maheshmunda1,CGWB,20,Jharkhand,329,GIRIDIH,GANDE,GANDE,Maheshmunda,-,-,-,-,-,-,24.21111111,86.41083333,25-05-2012 00:00,"",
775,Maheshmunda1,CGWB,20,Jharkhand,329,GIRIDIH,GANDE,GANDE,Maheshmunda,-,-,-,-,-,-,24.21111111,86.41083333,25-05-2013 00:00,"",
776,Maheshpur2,CGWB,20,Jharkhand,337,Pakur,MAHESHPUR,MAHESHPUR,Maheshpur,-,-,-,-,-,-,24.44583333,87.79500000,25-05-2005 00:00,"",
777,Maheshpur2,CGWB,20,Jharkhand,337,Pakur,MAHESHPUR,MAHESHPUR,Maheshpur,-,-,-,-,-,-,24.44583333,87.79500000,25-05-2009 00:00,"",
778,Maheshpur2,CGWB,20,Jharkhand,337,Pakur,MAHESHPUR,MAHESHPUR,Maheshpur,-,-,-,-,-,-,24.44583333,87.79500000,25-05-2012 00:00,"",
779,Maheshpur templ,CGWB,20,Jharkhand,326,DUMKA,GOPIKANDAR,GOPIKANDAR,Maheshpur templ,-,-,-,-,-,-,24.38472222,87.52777778,25-05-2013 00:00,"",
780,Mahuda,CGWB,20,Jharkhand,325,DHANBAD,BAGHMARA CUM KATRAS,BAGHMARA CUM KATRAS,Mahuda,-,-,-,-,-,-,23.75000000,86.25000000,25-05-2007 00:00,"",
781,Mahuda,CGWB,20,Jharkhand,322,BOKARO,BERMO,BERMO,Mahuda,-,-,-,-,-,-,23.75027778,86.17500000,25-05-2008 00:00,"",
782,Mahuda,CGWB,20,Jharkhand,325,DHANBAD,BAGHMARA CUM KATRAS,BAGHMARA CUM KATRAS,Mahuda,-,-,-,-,-,-,23.75000000,86.25000000,25-05-2011 00:00,"",
783,Mandal,CGWB,20,Jharkhand,338,PALAMAU,CHAINPUR (BASHANDI),CHAINPUR (BASHANDI),Mandal,-,-,-,-,-,-,23.75833333,83.99166667,25-05-2004 00:00,"",
784,Mandar,CGWB,20,Jharkhand,339,RANCHI,MANDAR,MANDAR,Mandar,-,-,-,-,-,-,23.45694444,85.08888889,25-05-2003 00:00,"",
785,Mandar,CGWB,20,Jharkhand,339,RANCHI,MANDAR,MANDAR,Mandar,-,-,-,-,-,-,23.45694444,85.08888889,25-05-2004 00:00,"",
786,Mandar,CGWB,20,Jharkhand,339,RANCHI,MANDAR,MANDAR,Mandar,-,-,-,-,-,-,23.45694444,85.08888889,25-05-2005 00:00,"",
787,Mandar,CGWB,20,Jharkhand,339,RANCHI,MANDAR,MANDAR,Mandar,-,-,-,-,-,-,23.45694444,85.08888889,25-05-2007 00:00,"",
788,Mandar,CGWB,20,Jharkhand,339,RANCHI,MANDAR,MANDAR,Mandar,-,-,-,-,-,-,23.45694444,85.08888889,25-05-2008 00:00,"",
789,Mandar,CGWB,20,Jharkhand,339,RANCHI,MANDAR,MANDAR,Mandar,-,-,-,-,-,-,23.45694444,85.08888889,25-05-2009 00:00,"",
790,Mandar,CGWB,20,Jharkhand,339,RANCHI,MANDAR,MANDAR,Mandar,-,-,-,-,-,-,23.45694444,85.08888889,25-05-2010 00:00,"",
791,Mandar,CGWB,20,Jharkhand,339,RANCHI,MANDAR,MANDAR,Mandar,-,-,-,-,-,-,23.45694444,85.08888889,25-05-2012 00:00,"",
792,Mandar,CGWB,20,Jharkhand,339,RANCHI,MANDAR,MANDAR,Mandar,-,-,-,-,-,-,23.45694444,85.08888889,25-05-2013 00:00,"",
793,Mandro,CGWB,20,Jharkhand,340,Sahebganj,BORIO,BORIO,Mandro,-,-,-,-,-,-,25.14583333,87.50694444,25-05-2004 00:00,"",
794,Mandro,CGWB,20,Jharkhand,340,Sahebganj,BORIO,BORIO,Mandro,-,-,-,-,-,-,25.14583333,87.50694444,25-05-2009 00:00,"",
795,Mandro,CGWB,20,Jharkhand,340,Sahebganj,BORIO,BORIO,Mandro,-,-,-,-,-,-,25.14583333,87.50694444,25-05-2012 00:00,"",
796,Mandro,CGWB,20,Jharkhand,340,Sahebganj,BORIO,BORIO,Mandro,-,-,-,-,-,-,25.14583333,87.50694444,25-05-2013 00:00,"",
797,Mandu,CGWB,20,Jharkhand,332,HAZARIBAG,MANDU,MANDU,Mandu,-,-,-,-,-,-,23.80833333,85.46666667,25-05-2002 00:00,"",
798,Mandu,CGWB,20,Jharkhand,332,HAZARIBAG,MANDU,MANDU,Mandu,-,-,-,-,-,-,23.80833333,85.46666667,25-05-2005 00:00,"",
799,Mandu,CGWB,20,Jharkhand,332,HAZARIBAG,MANDU,MANDU,Mandu,-,-,-,-,-,-,23.80833333,85.46666667,25-05-2007 00:00,"",
800,Mandu,CGWB,20,Jharkhand,332,HAZARIBAG,MANDU,MANDU,Mandu,-,-,-,-,-,-,23.80833333,85.46666667,25-05-2008 00:00,"",
801,Mandu,CGWB,20,Jharkhand,332,HAZARIBAG,MANDU,MANDU,Mandu,-,-,-,-,-,-,23.80833333,85.46666667,25-05-2009 00:00,"",
802,Mandu,CGWB,20,Jharkhand,332,HAZARIBAG,MANDU,MANDU,Mandu,-,-,-,-,-,-,23.80833333,85.46666667,25-05-2010 00:00,"",
803,Mandu,CGWB,20,Jharkhand,332,HAZARIBAG,MANDU,MANDU,Mandu,-,-,-,-,-,-,23.80833333,85.46666667,25-05-2012 00:00,"",
804,Manika,CGWB,20,Jharkhand,338,PALAMAU,MANIKA,MANIKA,Manika,-,-,-,-,-,-,23.85000000,84.34583333,25-05-2006 00:00,"",
805,Manika,CGWB,20,Jharkhand,338,PALAMAU,MANIKA,MANIKA,Manika,-,-,-,-,-,-,23.85000000,84.34583333,25-05-2008 00:00,"",
806,Manika,CGWB,20,Jharkhand,338,PALAMAU,MANIKA,MANIKA,Manika,-,-,-,-,-,-,23.85000000,84.34583333,25-05-2009 00:00,"",
807,Manika,CGWB,20,Jharkhand,338,PALAMAU,MANIKA,MANIKA,Manika,-,-,-,-,-,-,23.85000000,84.34583333,25-05-2010 00:00,"",
808,Manika,CGWB,20,Jharkhand,338,PALAMAU,MANIKA,MANIKA,Manika,-,-,-,-,-,-,23.85000000,84.34583333,25-05-2011 00:00,"",
809,Manika,CGWB,20,Jharkhand,338,PALAMAU,MANIKA,MANIKA,Manika,-,-,-,-,-,-,23.85000000,84.34583333,25-05-2012 00:00,"",
810,Masalia,CGWB,20,Jharkhand,326,DUMKA,MASALIA,MASALIA,Masalia,-,-,-,-,-,-,24.15833333,87.18611111,25-05-2004 00:00,"",
811,Masalia,CGWB,20,Jharkhand,326,DUMKA,MASALIA,MASALIA,Masalia,-,-,-,-,-,-,24.15833333,87.18611111,25-05-2005 00:00,"",
812,Masalia,CGWB,20,Jharkhand,326,DUMKA,MASALIA,MASALIA,Masalia,-,-,-,-,-,-,24.15833333,87.18611111,25-05-2006 00:00,"",
813,Masalia,CGWB,20,Jharkhand,326,DUMKA,MASALIA,MASALIA,Masalia,-,-,-,-,-,-,24.15833333,87.18611111,25-05-2009 00:00,"",
814,Masalia,CGWB,20,Jharkhand,326,DUMKA,MASALIA,MASALIA,Masalia,-,-,-,-,-,-,24.15833333,87.18611111,25-05-2010 00:00,"",
815,Masalia,CGWB,20,Jharkhand,326,DUMKA,MASALIA,MASALIA,Masalia,-,-,-,-,-,-,24.15833333,87.18611111,25-05-2011 00:00,"",
816,Masalia,CGWB,20,Jharkhand,326,DUMKA,MASALIA,MASALIA,Masalia,-,-,-,-,-,-,24.15833333,87.18611111,25-05-2012 00:00,"",
817,Masalia,CGWB,20,Jharkhand,326,DUMKA,MASALIA,MASALIA,Masalia,-,-,-,-,-,-,24.15833333,87.18611111,25-05-2013 00:00,"",
818,Masanjor,CGWB,20,Jharkhand,326,DUMKA,DUMKA,DUMKA,Masanjor,-,-,-,-,-,-,24.10833333,87.31944444,25-05-2004 00:00,"",
819,Masanjor,CGWB,20,Jharkhand,326,DUMKA,DUMKA,DUMKA,Masanjor,-,-,-,-,-,-,24.10833333,87.31944444,25-05-2005 00:00,"",
820,Masanjor,CGWB,20,Jharkhand,326,DUMKA,DUMKA,DUMKA,Masanjor,-,-,-,-,-,-,24.10833333,87.31944444,25-05-2008 00:00,"",
821,Masanjor,CGWB,20,Jharkhand,326,DUMKA,DUMKA,DUMKA,Masanjor,-,-,-,-,-,-,24.10833333,87.31944444,25-05-2009 00:00,"",
822,Masanjor,CGWB,20,Jharkhand,326,DUMKA,DUMKA,DUMKA,Masanjor,-,-,-,-,-,-,24.10833333,87.31944444,25-05-2010 00:00,"",
823,Masanjor,CGWB,20,Jharkhand,326,DUMKA,DUMKA,DUMKA,Masanjor,-,-,-,-,-,-,24.10833333,87.31944444,25-05-2011 00:00,"",
824,Masanjor,CGWB,20,Jharkhand,326,DUMKA,DUMKA,DUMKA,Masanjor,-,-,-,-,-,-,24.10833333,87.31944444,25-05-2012 00:00,"",
825,Masanjor,CGWB,20,Jharkhand,326,DUMKA,DUMKA,DUMKA,Masanjor,-,-,-,-,-,-,24.10833333,87.31944444,25-05-2013 00:00,"",
826,Meru(Silwar),CGWB,20,Jharkhand,332,HAZARIBAG,HAZARIBAG,HAZARIBAG,Meru(Silwar),-,-,-,-,-,-,24.01555556,85.46222222,25-05-2012 00:00,"",
827,Meru(Silwar),CGWB,20,Jharkhand,332,HAZARIBAG,HAZARIBAG,HAZARIBAG,Meru(Silwar),-,-,-,-,-,-,24.01555556,85.46222222,25-05-2013 00:00,"",
828,Mihijam db ib,CGWB,20,Jharkhand,326,DUMKA,JAMTARA,JAMTARA,Mihijam db ib,-,-,-,-,-,-,23.86666667,86.87500000,25-05-2000 00:00,"",
829,Mihijam db ib,CGWB,20,Jharkhand,326,DUMKA,JAMTARA,JAMTARA,Mihijam db ib,-,-,-,-,-,-,23.86666667,86.87500000,25-05-2002 00:00,"",
830,Mihijam db ib,CGWB,20,Jharkhand,326,DUMKA,JAMTARA,JAMTARA,Mihijam db ib,-,-,-,-,-,-,23.86666667,86.87500000,25-05-2005 00:00,"",
831,Mihijam db ib,CGWB,20,Jharkhand,326,DUMKA,JAMTARA,JAMTARA,Mihijam db ib,-,-,-,-,-,-,23.86666667,86.87500000,25-05-2007 00:00,"",
832,Mihijam db ib,CGWB,20,Jharkhand,326,DUMKA,JAMTARA,JAMTARA,Mihijam db ib,-,-,-,-,-,-,23.86666667,86.87500000,25-05-2008 00:00,"",
833,Mihijam New,CGWB,20,Jharkhand,326,DUMKA,JAMTARA,JAMTARA,Mihijam New,-,-,-,-,-,-,23.87416667,86.87861111,25-05-2012 00:00,"",
834,Moranghada,CGWB,20,Jharkhand,339,RANCHI,KHUNTI,KHUNTI,Moranghada,-,-,-,-,-,-,23.11250000,85.42083333,25-05-2003 00:00,"",
835,Murhu,CGWB,20,Jharkhand,339,RANCHI,MURHU,MURHU,Murhu,-,-,-,-,-,-,22.96388889,85.28333333,25-05-2003 00:00,"",
836,Murhu,CGWB,20,Jharkhand,339,RANCHI,MURHU,MURHU,Murhu,-,-,-,-,-,-,22.96388889,85.28333333,25-05-2005 00:00,"",
837,Murhu,CGWB,20,Jharkhand,339,RANCHI,MURHU,MURHU,Murhu,-,-,-,-,-,-,22.96388889,85.28333333,25-05-2012 00:00,"",
838,Murhu,CGWB,20,Jharkhand,339,RANCHI,MURHU,MURHU,Murhu,-,-,-,-,-,-,22.96388889,85.28333333,25-05-2013 00:00,"",
839,Murhu1,CGWB,20,Jharkhand,339,RANCHI,MURHU,MURHU,Murhu,-,-,-,-,-,-,22.96388889,85.28361111,25-05-2007 00:00,"",
840,Murhu1,CGWB,20,Jharkhand,339,RANCHI,MURHU,MURHU,Murhu,-,-,-,-,-,-,22.96388889,85.28361111,25-05-2008 00:00,"",
841,Murhu1,CGWB,20,Jharkhand,339,RANCHI,MURHU,MURHU,Murhu,-,-,-,-,-,-,22.96388889,85.28361111,25-05-2010 00:00,"",
842,Murhu1,CGWB,20,Jharkhand,339,RANCHI,MURHU,MURHU,Murhu,-,-,-,-,-,-,22.96388889,85.28361111,25-05-2011 00:00,"",
843,Nagaruntari,CGWB,20,Jharkhand,328,GARHWA,UNTARI,UNTARI,Nagaruntari,-,-,-,-,-,-,24.28333333,83.50833333,25-05-2004 00:00,"",
844,Nagaruntari,CGWB,20,Jharkhand,328,GARHWA,UNTARI,UNTARI,Nagaruntari,-,-,-,-,-,-,24.28333333,83.50833333,25-05-2009 00:00,"",
845,Nagaruntari,CGWB,20,Jharkhand,328,GARHWA,UNTARI,UNTARI,Nagaruntari,-,-,-,-,-,-,24.28333333,83.50833333,25-05-2010 00:00,"",
846,Nagaruntari,CGWB,20,Jharkhand,328,GARHWA,UNTARI,UNTARI,Nagaruntari,-,-,-,-,-,-,24.28333333,83.50833333,25-05-2011 00:00,"",
847,Nagfeni,CGWB,20,Jharkhand,331,GUMLA,SISAI,SISAI,Nagfeni,-,-,-,-,-,-,23.30555556,84.70638889,25-05-2003 00:00,"",
848,Nagfeni,CGWB,20,Jharkhand,331,GUMLA,SISAI,SISAI,Nagfeni,-,-,-,-,-,-,23.30555556,84.70638889,25-05-2004 00:00,"",
849,Nagfeni,CGWB,20,Jharkhand,331,GUMLA,SISAI,SISAI,Nagfeni,-,-,-,-,-,-,23.30555556,84.70638889,25-05-2007 00:00,"",
850,Nagfeni,CGWB,20,Jharkhand,331,GUMLA,SISAI,SISAI,Nagfeni,-,-,-,-,-,-,23.30555556,84.70638889,25-05-2008 00:00,"",
851,Nagfeni,CGWB,20,Jharkhand,331,GUMLA,SISAI,SISAI,Nagfeni,-,-,-,-,-,-,23.30555556,84.70638889,25-05-2009 00:00,"",
852,Nagfeni,CGWB,20,Jharkhand,331,GUMLA,SISAI,SISAI,Nagfeni,-,-,-,-,-,-,23.30555556,84.70638889,25-05-2010 00:00,"",
853,Nagfeni,CGWB,20,Jharkhand,331,GUMLA,SISAI,SISAI,Nagfeni,-,-,-,-,-,-,23.30555556,84.70638889,25-05-2011 00:00,"",
854,Nagfeni,CGWB,20,Jharkhand,331,GUMLA,SISAI,SISAI,Nagfeni,-,-,-,-,-,-,23.30555556,84.70638889,25-05-2012 00:00,"",
855,Nakti,CGWB,20,Jharkhand,343,PASHCHIMI SINGHBHUM,ADITYAPUR(GAMHARIA),ADITYAPUR(GAMHARIA),Nakti,-,-,-,-,-,-,22.85000000,86.06250000,25-05-2002 00:00,"",
856,Nakti,CGWB,20,Jharkhand,343,PASHCHIMI SINGHBHUM,ADITYAPUR(GAMHARIA),ADITYAPUR(GAMHARIA),Nakti,-,-,-,-,-,-,22.85000000,86.06250000,25-05-2003 00:00,"",
857,Nakti,CGWB,20,Jharkhand,343,PASHCHIMI SINGHBHUM,ADITYAPUR(GAMHARIA),ADITYAPUR(GAMHARIA),Nakti,-,-,-,-,-,-,22.85000000,86.06250000,25-05-2004 00:00,"",
858,Nala,CGWB,20,Jharkhand,326,DUMKA,MASALIA,MASALIA,Nala,-,-,-,-,-,-,24.04583333,87.15277778,25-05-2005 00:00,"",
859,Nala,CGWB,20,Jharkhand,326,DUMKA,MASALIA,MASALIA,Nala,-,-,-,-,-,-,24.04583333,87.15277778,25-05-2006 00:00,"",
860,Nala,CGWB,20,Jharkhand,326,DUMKA,MASALIA,MASALIA,Nala,-,-,-,-,-,-,24.04583333,87.15277778,25-05-2009 00:00,"",
861,Nala,CGWB,20,Jharkhand,326,DUMKA,MASALIA,MASALIA,Nala,-,-,-,-,-,-,24.04583333,87.15277778,25-05-2010 00:00,"",
862,Nala,CGWB,20,Jharkhand,326,DUMKA,MASALIA,MASALIA,Nala,-,-,-,-,-,-,24.04583333,87.15277778,25-05-2011 00:00,"",
863,Nala,CGWB,20,Jharkhand,326,DUMKA,MASALIA,MASALIA,Nala,-,-,-,-,-,-,24.04583333,87.15277778,25-05-2012 00:00,"",
864,Namkom Bz Chowk,CGWB,20,Jharkhand,339,RANCHI,NAMKUM,NAMKUM,Namkom Bz Chowk,-,-,-,-,-,-,23.28305556,85.36388889,25-05-2012 00:00,"",
865,Namkom Bz Chowk,CGWB,20,Jharkhand,339,RANCHI,NAMKUM,NAMKUM,Namkom Bz Chowk,-,-,-,-,-,-,23.28305556,85.36388889,25-05-2013 00:00,"",
866,Narayanpur,CGWB,20,Jharkhand,326,DUMKA,NARAYANPUR,NARAYANPUR,Narayanpur,-,-,-,-,-,-,24.07944444,86.61166667,25-05-2003 00:00,"",
867,Narayanpur,CGWB,20,Jharkhand,326,DUMKA,NARAYANPUR,NARAYANPUR,Narayanpur,-,-,-,-,-,-,24.07944444,86.61166667,25-05-2004 00:00,"",
868,Nawadih,CGWB,20,Jharkhand,322,BOKARO,NAWADIH,NAWADIH,Nawadih,-,-,-,-,-,-,23.85000000,86.03333333,25-05-2003 00:00,"",
869,Nawadih,CGWB,20,Jharkhand,322,BOKARO,NAWADIH,NAWADIH,Nawadih,-,-,-,-,-,-,23.85000000,86.03333333,25-05-2006 00:00,"",
870,Nawadih,CGWB,20,Jharkhand,322,BOKARO,NAWADIH,NAWADIH,Nawadih,-,-,-,-,-,-,23.85000000,86.03333333,25-05-2008 00:00,"",
871,Nawadih1,CGWB,20,Jharkhand,338,PALAMAU,PATAN,PATAN,Nawadih,-,-,-,-,-,-,24.17500000,84.27500000,25-05-2001 00:00,"",
872,Nawadih1,CGWB,20,Jharkhand,338,PALAMAU,PATAN,PATAN,Nawadih,-,-,-,-,-,-,24.17500000,84.27500000,25-05-2010 00:00,"",
873,Nawadih1,CGWB,20,Jharkhand,338,PALAMAU,PATAN,PATAN,Nawadih,-,-,-,-,-,-,24.17500000,84.27500000,25-05-2011 00:00,"",
874,Nawadih1,CGWB,20,Jharkhand,338,PALAMAU,PATAN,PATAN,Nawadih,-,-,-,-,-,-,24.17500000,84.27500000,25-05-2012 00:00,"",
875,Nimdih_Jamdih,CGWB,20,Jharkhand,343,PASHCHIMI SINGHBHUM,NIMDIH,NIMDIH,Nimdih,-,-,-,-,-,-,22.99000000,86.17000000,25-05-2005 00:00,"",
876,Nirsa ecl l.qtr,CGWB,20,Jharkhand,325,DHANBAD,DHANBAD CUM KENDUADI,DHANBAD CUM KENDUADI,Nirsa ecl l.qtr,-,-,-,-,-,-,23.78638889,86.46138889,25-05-2002 00:00,"",
877,Nirsa ecl l.qtr,CGWB,20,Jharkhand,325,DHANBAD,DHANBAD CUM KENDUADI,DHANBAD CUM KENDUADI,Nirsa ecl l.qtr,-,-,-,-,-,-,23.78638889,86.46138889,25-05-2003 00:00,"",
878,Nirsa ecl l.qtr,CGWB,20,Jharkhand,325,DHANBAD,DHANBAD CUM KENDUADI,DHANBAD CUM KENDUADI,Nirsa ecl l.qtr,-,-,-,-,-,-,23.78638889,86.46138889,25-05-2009 00:00,"",
879,Nirsa ecl l.qtr,CGWB,20,Jharkhand,325,DHANBAD,DHANBAD CUM KENDUADI,DHANBAD CUM KENDUADI,Nirsa ecl l.qtr,-,-,-,-,-,-,23.78638889,86.46138889,25-05-2010 00:00,"",
880,Nirsa ecl l.qtr,CGWB,20,Jharkhand,325,DHANBAD,DHANBAD CUM KENDUADI,DHANBAD CUM KENDUADI,Nirsa ecl l.qtr,-,-,-,-,-,-,23.78638889,86.46138889,25-05-2011 00:00,"",
881,Nirsa ecl l.qtr,CGWB,20,Jharkhand,325,DHANBAD,DHANBAD CUM KENDUADI,DHANBAD CUM KENDUADI,Nirsa ecl l.qtr,-,-,-,-,-,-,23.78638889,86.46138889,25-05-2013 00:00,"",
882,Nirsa p.s.,CGWB,20,Jharkhand,325,DHANBAD,NIRSA CUM CHIRKUNDA,NIRSA CUM CHIRKUNDA,Nirsa p.s.,-,-,-,-,-,-,23.78611111,86.71111111,25-05-2000 00:00,"",
883,Nirsa p.s.,CGWB,20,Jharkhand,325,DHANBAD,DHANBAD CUM KENDUADI,DHANBAD CUM KENDUADI,Nirsa p.s.,-,-,-,-,-,-,23.78611111,86.46111111,25-05-2008 00:00,"",
884,Nirsa p.s.,CGWB,20,Jharkhand,325,DHANBAD,DHANBAD CUM KENDUADI,DHANBAD CUM KENDUADI,Nirsa p.s.,-,-,-,-,-,-,23.78611111,86.46111111,25-05-2012 00:00,"",
885,Nunihaat,CGWB,20,Jharkhand,326,DUMKA,RAMGARH,RAMGARH,Nunihaat,-,-,-,-,-,-,24.46944444,87.12527778,25-05-2006 00:00,"",
886,Nunihaat,CGWB,20,Jharkhand,326,DUMKA,RAMGARH,RAMGARH,Nunihaat,-,-,-,-,-,-,24.46944444,87.12500000,25-05-2009 00:00,"",
887,Nunihaat,CGWB,20,Jharkhand,326,DUMKA,RAMGARH,RAMGARH,Nunihaat,-,-,-,-,-,-,24.46944444,87.12500000,25-05-2010 00:00,"",
888,Nunihaat,CGWB,20,Jharkhand,326,DUMKA,RAMGARH,RAMGARH,Nunihaat,-,-,-,-,-,-,24.46944444,87.12500000,25-05-2011 00:00,"",
889,Ormanji,CGWB,20,Jharkhand,339,RANCHI,NAMKUM,NAMKUM,Ormanji,-,-,-,-,-,-,23.31666667,85.48333333,25-05-2002 00:00,"",
890,Ormanji,CGWB,20,Jharkhand,339,RANCHI,NAMKUM,NAMKUM,Ormanji,-,-,-,-,-,-,23.31666667,85.48333333,25-05-2003 00:00,"",
891,Ormanji,CGWB,20,Jharkhand,339,RANCHI,NAMKUM,NAMKUM,Ormanji,-,-,-,-,-,-,23.31666667,85.48333333,25-05-2004 00:00,"",
892,Ormanji,CGWB,20,Jharkhand,339,RANCHI,NAMKUM,NAMKUM,Ormanji,-,-,-,-,-,-,23.31666667,85.48333333,25-05-2005 00:00,"",
893,Ormanji,CGWB,20,Jharkhand,339,RANCHI,NAMKUM,NAMKUM,Ormanji,-,-,-,-,-,-,23.31666667,85.48333333,25-05-2006 00:00,"",
894,Ormanji,CGWB,20,Jharkhand,339,RANCHI,NAMKUM,NAMKUM,Ormanji,-,-,-,-,-,-,23.31666667,85.48333333,25-05-2012 00:00,"",
895,Ormanji,CGWB,20,Jharkhand,339,RANCHI,NAMKUM,NAMKUM,Ormanji,-,-,-,-,-,-,23.31666667,85.48333333,25-05-2013 00:00,"",
896,Ormanji1,CGWB,20,Jharkhand,339,RANCHI,NAMKUM,NAMKUM,Ormanji,-,-,-,-,-,-,23.31666667,85.48361111,25-05-2007 00:00,"",
897,Ormanji1,CGWB,20,Jharkhand,339,RANCHI,NAMKUM,NAMKUM,Ormanji,-,-,-,-,-,-,23.31666667,85.48361111,25-05-2008 00:00,"",
898,Ormanji1,CGWB,20,Jharkhand,339,RANCHI,NAMKUM,NAMKUM,Ormanji,-,-,-,-,-,-,23.31666667,85.48361111,25-05-2009 00:00,"",
899,Ormanji1,CGWB,20,Jharkhand,339,RANCHI,NAMKUM,NAMKUM,Ormanji,-,-,-,-,-,-,23.31666667,85.48361111,25-05-2010 00:00,"",
900,Ormanji1,CGWB,20,Jharkhand,339,RANCHI,NAMKUM,NAMKUM,Ormanji,-,-,-,-,-,-,23.31666667,85.48361111,25-05-2011 00:00,"",
901,Padma,CGWB,20,Jharkhand,332,HAZARIBAG,BARHI,BARHI,Padma,-,-,-,-,-,-,24.20555556,85.31694444,25-05-2012 00:00,"",
902,Padma,CGWB,20,Jharkhand,332,HAZARIBAG,BARHI,BARHI,Padma,-,-,-,-,-,-,24.20555556,85.31694444,25-05-2013 00:00,"",
903,Pakur,CGWB,20,Jharkhand,337,Pakur,PAKAUR,PAKAUR,Pakur,-,-,-,-,-,-,24.64194444,87.84611111,25-05-2009 00:00,"",
904,Pakur,CGWB,20,Jharkhand,337,Pakur,PAKAUR,PAKAUR,Pakur,-,-,-,-,-,-,24.64194444,87.84611111,25-05-2010 00:00,"",
905,Pakur1,CGWB,20,Jharkhand,337,Pakur,PAKAUR,PAKAUR,Pakur,-,-,-,-,-,-,24.63388889,87.87777778,25-05-2005 00:00,"",
906,Pakur1,CGWB,20,Jharkhand,337,Pakur,PAKAUR,PAKAUR,Pakur,-,-,-,-,-,-,24.63388889,87.87777778,25-05-2012 00:00,"",
907,Pakur1,CGWB,20,Jharkhand,337,Pakur,PAKAUR,PAKAUR,Pakur,-,-,-,-,-,-,24.63388889,87.87777778,25-05-2013 00:00,"",
908,Pakuria,CGWB,20,Jharkhand,337,Pakur,PAKURIA,PAKURIA,Pakuria,-,-,-,-,-,-,24.29888889,87.66583333,25-05-2004 00:00,"",
909,Pakuria,CGWB,20,Jharkhand,337,Pakur,PAKURIA,PAKURIA,Pakuria,-,-,-,-,-,-,24.29888889,87.66583333,25-05-2009 00:00,"",
910,Pakuria,CGWB,20,Jharkhand,337,Pakur,PAKURIA,PAKURIA,Pakuria,-,-,-,-,-,-,24.29888889,87.66583333,25-05-2010 00:00,"",
911,Pakuria,CGWB,20,Jharkhand,337,Pakur,PAKURIA,PAKURIA,Pakuria,-,-,-,-,-,-,24.29888889,87.66583333,25-05-2011 00:00,"",
912,Palajori,CGWB,20,Jharkhand,324,DEOGHAR,PALOJORI,PALOJORI,Palajori,-,-,-,-,-,-,24.30000000,87.00388889,25-05-2002 00:00,"",
913,Palajori,CGWB,20,Jharkhand,324,DEOGHAR,PALOJORI,PALOJORI,Palajori,-,-,-,-,-,-,24.30000000,87.00388889,25-05-2003 00:00,"",
914,Palajori,CGWB,20,Jharkhand,324,DEOGHAR,PALOJORI,PALOJORI,Palajori,-,-,-,-,-,-,24.30000000,87.00388889,25-05-2004 00:00,"",
915,Palajori,CGWB,20,Jharkhand,324,DEOGHAR,PALOJORI,PALOJORI,Palajori,-,-,-,-,-,-,24.30000000,87.00388889,25-05-2005 00:00,"",
916,Palajori,CGWB,20,Jharkhand,324,DEOGHAR,PALOJORI,PALOJORI,Palajori,-,-,-,-,-,-,24.30000000,87.00388889,25-05-2006 00:00,"",
917,Palajori,CGWB,20,Jharkhand,324,DEOGHAR,PALOJORI,PALOJORI,Palajori,-,-,-,-,-,-,24.30000000,87.00388889,25-05-2008 00:00,"",
918,Palajori,CGWB,20,Jharkhand,324,DEOGHAR,PALOJORI,PALOJORI,Palajori,-,-,-,-,-,-,24.30000000,87.00388889,25-05-2009 00:00,"",
919,Palajori,CGWB,20,Jharkhand,324,DEOGHAR,PALOJORI,PALOJORI,Palajori,-,-,-,-,-,-,24.30000000,87.00388889,25-05-2010 00:00,"",
920,Palajori,CGWB,20,Jharkhand,324,DEOGHAR,PALOJORI,PALOJORI,Palajori,-,-,-,-,-,-,24.30000000,87.00388889,25-05-2012 00:00,"",
921,Palajori,CGWB,20,Jharkhand,324,DEOGHAR,PALOJORI,PALOJORI,Palajori,-,-,-,-,-,-,24.30000000,87.00388889,25-05-2013 00:00,"",
922,Palkot,CGWB,20,Jharkhand,331,GUMLA,PALKOT,PALKOT,Palkot,-,-,-,-,-,-,22.87833333,84.64527778,25-05-2003 00:00,"",
923,Palkot,CGWB,20,Jharkhand,331,GUMLA,PALKOT,PALKOT,Palkot,-,-,-,-,-,-,22.87833333,84.64527778,25-05-2004 00:00,"",
924,Palkot,CGWB,20,Jharkhand,331,GUMLA,PALKOT,PALKOT,Palkot,-,-,-,-,-,-,22.87833333,84.64527778,25-05-2007 00:00,"",
925,Palkot,CGWB,20,Jharkhand,331,GUMLA,PALKOT,PALKOT,Palkot,-,-,-,-,-,-,22.87833333,84.64527778,25-05-2009 00:00,"",
926,Palkot,CGWB,20,Jharkhand,331,GUMLA,PALKOT,PALKOT,Palkot,-,-,-,-,-,-,22.87833333,84.64527778,25-05-2012 00:00,"",
927,Palkot,CGWB,20,Jharkhand,331,GUMLA,PALKOT,PALKOT,Palkot,-,-,-,-,-,-,22.87833333,84.64527778,25-05-2013 00:00,"",
928,Pandrasalai,CGWB,20,Jharkhand,343,PASHCHIMI SINGHBHUM,KHUNTPANI,KHUNTPANI,Pandrasalai,-,-,-,-,-,-,22.64583333,85.67916667,25-05-2003 00:00,"",
929,Pandrasalai,CGWB,20,Jharkhand,343,PASHCHIMI SINGHBHUM,KHUNTPANI,KHUNTPANI,Pandrasalai,-,-,-,-,-,-,22.64583333,85.67916667,25-05-2005 00:00,"",
930,Pandrasalai,CGWB,20,Jharkhand,343,PASHCHIMI SINGHBHUM,KHUNTPANI,KHUNTPANI,Pandrasalai,-,-,-,-,-,-,22.64583333,85.67916667,25-05-2006 00:00,"",
931,Pandrasalai,CGWB,20,Jharkhand,343,PASHCHIMI SINGHBHUM,KHUNTPANI,KHUNTPANI,Pandrasalai,-,-,-,-,-,-,22.64583333,85.67916667,25-05-2009 00:00,"",
932,Pandrasalai,CGWB,20,Jharkhand,343,PASHCHIMI SINGHBHUM,KHUNTPANI,KHUNTPANI,Pandrasalai,-,-,-,-,-,-,22.64583333,85.67916667,25-05-2011 00:00,"",
933,Pandrasalai,CGWB,20,Jharkhand,343,PASHCHIMI SINGHBHUM,KHUNTPANI,KHUNTPANI,Pandrasalai,-,-,-,-,-,-,22.64583333,85.67916667,25-05-2012 00:00,"",
934,Pandrasalai,CGWB,20,Jharkhand,343,PASHCHIMI SINGHBHUM,KHUNTPANI,KHUNTPANI,Pandrasalai,-,-,-,-,-,-,22.64583333,85.67916667,25-05-2013 00:00,"",
935,Pandri,CGWB,20,Jharkhand,329,GIRIDIH,GANDE,GANDE,Pandri,-,-,-,-,-,-,24.07500000,86.38611111,25-05-2000 00:00,"",
936,Pandri,CGWB,20,Jharkhand,329,GIRIDIH,GANDE,GANDE,Pandri,-,-,-,-,-,-,24.07500000,86.38611111,25-05-2003 00:00,"",
937,Pandri,CGWB,20,Jharkhand,329,GIRIDIH,GANDE,GANDE,Pandri,-,-,-,-,-,-,24.07500000,86.38611111,25-05-2010 00:00,"",
938,Pandri,CGWB,20,Jharkhand,329,GIRIDIH,GANDE,GANDE,Pandri,-,-,-,-,-,-,24.07500000,86.38611111,25-05-2011 00:00,"",
939,Pandri,CGWB,20,Jharkhand,329,GIRIDIH,GANDE,GANDE,Pandri,-,-,-,-,-,-,24.07500000,86.38611111,25-05-2012 00:00,"",
940,Pandri,CGWB,20,Jharkhand,329,GIRIDIH,GANDE,GANDE,Pandri,-,-,-,-,-,-,24.07500000,86.38611111,25-05-2013 00:00,"",
941,Panki,CGWB,20,Jharkhand,338,PALAMAU,PANKI,PANKI,Panki,-,-,-,-,-,-,24.04583333,84.47500000,25-05-2001 00:00,"",
942,Panki,CGWB,20,Jharkhand,338,PALAMAU,PANKI,PANKI,Panki,-,-,-,-,-,-,24.04583333,84.47500000,25-05-2012 00:00,"",
943,Patabari,CGWB,20,Jharkhand,326,DUMKA,SHIKARIPARA,SHIKARIPARA,Patabari,-,-,-,-,-,-,24.21666667,87.37500000,25-05-2004 00:00,"",
944,Patabari,CGWB,20,Jharkhand,326,DUMKA,SHIKARIPARA,SHIKARIPARA,Patabari,-,-,-,-,-,-,24.21666667,87.37500000,25-05-2005 00:00,"",
945,Patabari,CGWB,20,Jharkhand,326,DUMKA,SHIKARIPARA,SHIKARIPARA,Patabari,-,-,-,-,-,-,24.21666667,87.37500000,25-05-2008 00:00,"",
946,Patabari,CGWB,20,Jharkhand,326,DUMKA,SHIKARIPARA,SHIKARIPARA,Patabari,-,-,-,-,-,-,24.21666667,87.37500000,25-05-2009 00:00,"",
947,Patabari,CGWB,20,Jharkhand,326,DUMKA,SHIKARIPARA,SHIKARIPARA,Patabari,-,-,-,-,-,-,24.21666667,87.37500000,25-05-2010 00:00,"",
948,Patabari,CGWB,20,Jharkhand,326,DUMKA,SHIKARIPARA,SHIKARIPARA,Patabari,-,-,-,-,-,-,24.21666667,87.37500000,25-05-2011 00:00,"",
949,Patabari,CGWB,20,Jharkhand,326,DUMKA,SHIKARIPARA,SHIKARIPARA,Patabari,-,-,-,-,-,-,24.21666667,87.37500000,25-05-2013 00:00,"",
950,Patan,CGWB,20,Jharkhand,338,PALAMAU,PATAN,PATAN,Patan,-,-,-,-,-,-,24.20833333,84.22500000,25-05-2000 00:00,"",
951,Patan,CGWB,20,Jharkhand,338,PALAMAU,PATAN,PATAN,Patan,-,-,-,-,-,-,24.20833333,84.22500000,25-05-2001 00:00,"",
952,Patan,CGWB,20,Jharkhand,338,PALAMAU,PATAN,PATAN,Patan,-,-,-,-,-,-,24.20833333,84.22500000,25-05-2004 00:00,"",
953,Patan,CGWB,20,Jharkhand,338,PALAMAU,PATAN,PATAN,Patan,-,-,-,-,-,-,24.20833333,84.22500000,25-05-2006 00:00,"",
954,Patan,CGWB,20,Jharkhand,338,PALAMAU,PATAN,PATAN,Patan,-,-,-,-,-,-,24.20833333,84.22500000,25-05-2010 00:00,"",
955,Pathargama,CGWB,20,Jharkhand,330,GODDA,PATHARGAMA,PATHARGAMA,Pathargama,-,-,-,-,-,-,24.94166667,87.28888889,25-05-2000 00:00,"",
956,Pathargama,CGWB,20,Jharkhand,330,GODDA,PATHARGAMA,PATHARGAMA,Pathargama,-,-,-,-,-,-,24.94166667,87.28888889,25-05-2004 00:00,"",
957,Pathargama,CGWB,20,Jharkhand,330,GODDA,PATHARGAMA,PATHARGAMA,Pathargama,-,-,-,-,-,-,24.94166667,87.28888889,25-05-2005 00:00,"",
958,Pathargama,CGWB,20,Jharkhand,330,GODDA,PATHARGAMA,PATHARGAMA,Pathargama,-,-,-,-,-,-,24.94166667,87.28888889,25-05-2012 00:00,"",
959,Patrahatu,CGWB,20,Jharkhand,339,RANCHI,SILLI,SILLI,Patrahau,-,-,-,-,-,-,23.32527778,85.78111111,25-05-2012 00:00,"",
960,Patratu,CGWB,20,Jharkhand,332,HAZARIBAG,PATRATU,PATRATU,Patratu,-,-,-,-,-,-,23.65833333,85.30833333,25-05-2010 00:00,"",
961,Patratu,CGWB,20,Jharkhand,332,HAZARIBAG,PATRATU,PATRATU,Patratu,-,-,-,-,-,-,23.65833333,85.30833333,25-05-2012 00:00,"",
962,Petarbar,CGWB,20,Jharkhand,322,BOKARO,PETERBAR,PETERBAR,Petarbar,-,-,-,-,-,-,23.68055556,85.84166667,25-05-2002 00:00,"",
963,Petarbar,CGWB,20,Jharkhand,322,BOKARO,PETERBAR,PETERBAR,Petarbar,-,-,-,-,-,-,23.68055556,85.84166667,25-05-2003 00:00,"",
964,Petarbar,CGWB,20,Jharkhand,322,BOKARO,PETERBAR,PETERBAR,Petarbar,-,-,-,-,-,-,23.68055556,85.84166667,25-05-2004 00:00,"",
965,Petarbar,CGWB,20,Jharkhand,322,BOKARO,PETERBAR,PETERBAR,Petarbar,-,-,-,-,-,-,23.68055556,85.84166667,25-05-2005 00:00,"",
966,Petarbar,CGWB,20,Jharkhand,322,BOKARO,PETERBAR,PETERBAR,Petarbar,-,-,-,-,-,-,23.68055556,85.84166667,25-05-2006 00:00,"",
967,Petarbar,CGWB,20,Jharkhand,322,BOKARO,PETERBAR,PETERBAR,Petarbar,-,-,-,-,-,-,23.68055556,85.84166667,25-05-2008 00:00,"",
968,Petarbar,CGWB,20,Jharkhand,322,BOKARO,PETERBAR,PETERBAR,Petarbar,-,-,-,-,-,-,23.68055556,85.84166667,25-05-2009 00:00,"",
969,Petarbar,CGWB,20,Jharkhand,322,BOKARO,PETERBAR,PETERBAR,Petarbar,-,-,-,-,-,-,23.68055556,85.84166667,25-05-2010 00:00,"",
970,Petarbar,CGWB,20,Jharkhand,322,BOKARO,PETERBAR,PETERBAR,Petarbar,-,-,-,-,-,-,23.68055556,85.84166667,25-05-2011 00:00,"",
971,Petarbar,CGWB,20,Jharkhand,322,BOKARO,PETERBAR,PETERBAR,Petarbar,-,-,-,-,-,-,23.68055556,85.84166667,25-05-2012 00:00,"",
972,Petarbar,CGWB,20,Jharkhand,322,BOKARO,PETERBAR,PETERBAR,Petarbar,-,-,-,-,-,-,23.68055556,85.84166667,25-05-2013 00:00,"",
973,Phusro/Bermo,CGWB,20,Jharkhand,322,BOKARO,BERMO,BERMO,Phusro/Bermo,-,-,-,-,-,-,23.71666667,86.13194444,25-05-2004 00:00,"",
974,Phusro/Bermo,CGWB,20,Jharkhand,322,BOKARO,BERMO,BERMO,Phusro/Bermo,-,-,-,-,-,-,23.71666667,86.13194444,25-05-2012 00:00,"",
975,Pindarjora,CGWB,20,Jharkhand,322,BOKARO,CHAS,CHAS,Pindarjora,-,-,-,-,-,-,23.54583333,86.17500000,25-05-2003 00:00,"",
976,Pindarjora,CGWB,20,Jharkhand,322,BOKARO,CHAS,CHAS,Pindarjora,-,-,-,-,-,-,23.54583333,86.17500000,25-05-2004 00:00,"",
977,Pindarjora,CGWB,20,Jharkhand,322,BOKARO,CHAS,CHAS,Pindarjora,-,-,-,-,-,-,23.54583333,86.17500000,25-05-2007 00:00,"",
978,Pindarjora,CGWB,20,Jharkhand,322,BOKARO,CHAS,CHAS,Pindarjora,-,-,-,-,-,-,23.54583333,86.17500000,25-05-2013 00:00,"",
979,Pithajudi,CGWB,20,Jharkhand,327,PURBI SINGHBHUM,CHAKULIA,CHAKULIA,Pithajudi,-,-,-,-,-,-,22.49305556,86.74972222,25-05-2012 00:00,"",
980,Pitij,CGWB,20,Jharkhand,323,CHATRA,ITKHORI,ITKHORI,Pitij,-,-,-,-,-,-,24.26694444,85.10888889,25-05-2012 00:00,"",
981,Pitij,CGWB,20,Jharkhand,323,CHATRA,ITKHORI,ITKHORI,Pitij,-,-,-,-,-,-,24.26694444,85.10888889,25-05-2013 00:00,"",
982,Poraiyahaat,CGWB,20,Jharkhand,330,GODDA,POREYAHAT,POREYAHAT,Poraiyahaat,-,-,-,-,-,-,24.67083333,87.16666667,25-05-2004 00:00,"",
983,Poraiyahaat,CGWB,20,Jharkhand,330,GODDA,POREYAHAT,POREYAHAT,Poraiyahaat,-,-,-,-,-,-,24.67083333,87.16666667,25-05-2012 00:00,"",
984,Potka,CGWB,20,Jharkhand,327,PURBI SINGHBHUM,POTKA,POTKA,Potka,-,-,-,-,-,-,22.62500000,86.23333333,25-05-2003 00:00,"",
985,Potka,CGWB,20,Jharkhand,327,PURBI SINGHBHUM,POTKA,POTKA,Potka,-,-,-,-,-,-,22.62500000,86.23333333,25-05-2007 00:00,"",
986,Potka,CGWB,20,Jharkhand,327,PURBI SINGHBHUM,POTKA,POTKA,Potka,-,-,-,-,-,-,22.62500000,86.23333333,25-05-2009 00:00,"",
987,Potka,CGWB,20,Jharkhand,327,PURBI SINGHBHUM,POTKA,POTKA,Potka,-,-,-,-,-,-,22.62500000,86.23333333,25-05-2012 00:00,"",
988,Potka,CGWB,20,Jharkhand,327,PURBI SINGHBHUM,POTKA,POTKA,Potka,-,-,-,-,-,-,22.62500000,86.23333333,25-05-2013 00:00,"",
989,Pupunki,CGWB,20,Jharkhand,322,BOKARO,CHAS,CHAS,Pupunki,-,-,-,-,-,-,23.70111111,86.20888889,25-05-2012 00:00,"",
990,Pupunki,CGWB,20,Jharkhand,322,BOKARO,CHAS,CHAS,Pupunki,-,-,-,-,-,-,23.70111111,86.20888889,25-05-2013 00:00,"",
991,Raidih,CGWB,20,Jharkhand,331,GUMLA,RAIDIH,RAIDIH,Raidih,-,-,-,-,-,-,22.95888889,84.44500000,25-05-2003 00:00,"",
992,Raidih,CGWB,20,Jharkhand,331,GUMLA,RAIDIH,RAIDIH,Raidih,-,-,-,-,-,-,22.95888889,84.44500000,25-05-2007 00:00,"",
993,Raidih,CGWB,20,Jharkhand,331,GUMLA,RAIDIH,RAIDIH,Raidih,-,-,-,-,-,-,22.95888889,84.44500000,25-05-2008 00:00,"",
994,Raidih,CGWB,20,Jharkhand,331,GUMLA,RAIDIH,RAIDIH,Raidih,-,-,-,-,-,-,22.95888889,84.44500000,25-05-2009 00:00,"",
995,Raidih,CGWB,20,Jharkhand,331,GUMLA,RAIDIH,RAIDIH,Raidih,-,-,-,-,-,-,22.95888889,84.44500000,25-05-2012 00:00,"",
996,Raidih,CGWB,20,Jharkhand,331,GUMLA,RAIDIH,RAIDIH,Raidih,-,-,-,-,-,-,22.95888889,84.44500000,25-05-2013 00:00,"",
997,Rajganj,CGWB,20,Jharkhand,325,DHANBAD,BAGHMARA CUM KATRAS,BAGHMARA CUM KATRAS,Rajganj,-,-,-,-,-,-,23.87361111,86.33750000,25-05-2000 00:00,"",
998,Rajganj,CGWB,20,Jharkhand,325,DHANBAD,BAGHMARA CUM KATRAS,BAGHMARA CUM KATRAS,Rajganj,-,-,-,-,-,-,23.87361111,86.33750000,25-05-2002 00:00,"",
999,Rajganj,CGWB,20,Jharkhand,325,DHANBAD,BAGHMARA CUM KATRAS,BAGHMARA CUM KATRAS,Rajganj,-,-,-,-,-,-,23.87361111,86.33750000,25-05-2003 00:00,"",
1000,Rajganj,CGWB,20,Jharkhand,325,DHANBAD,BAGHMARA CUM KATRAS,BAGHMARA CUM KATRAS,Rajganj,-,-,-,-,-,-,23.87361111,86.33750000,25-05-2004 00:00,"",
1001,Rajganj,CGWB,20,Jharkhand,325,DHANBAD,BAGHMARA CUM KATRAS,BAGHMARA CUM KATRAS,Rajganj,-,-,-,-,-,-,23.87361111,86.33750000,25-05-2006 00:00,"",
1002,Rajganj,CGWB,20,Jharkhand,325,DHANBAD,BAGHMARA CUM KATRAS,BAGHMARA CUM KATRAS,Rajganj,-,-,-,-,-,-,23.87361111,86.33750000,25-05-2007 00:00,"",
1003,Rajganj,CGWB,20,Jharkhand,325,DHANBAD,BAGHMARA CUM KATRAS,BAGHMARA CUM KATRAS,Rajganj,-,-,-,-,-,-,23.87361111,86.33750000,25-05-2008 00:00,"",
1004,Rajganj,CGWB,20,Jharkhand,325,DHANBAD,BAGHMARA CUM KATRAS,BAGHMARA CUM KATRAS,Rajganj,-,-,-,-,-,-,23.87361111,86.33750000,25-05-2009 00:00,"",
1005,Rajganj,CGWB,20,Jharkhand,325,DHANBAD,BAGHMARA CUM KATRAS,BAGHMARA CUM KATRAS,Rajganj,-,-,-,-,-,-,23.87361111,86.33750000,25-05-2010 00:00,"",
1006,Rajganj,CGWB,20,Jharkhand,325,DHANBAD,BAGHMARA CUM KATRAS,BAGHMARA CUM KATRAS,Rajganj,-,-,-,-,-,-,23.87361111,86.33750000,25-05-2011 00:00,"",
1007,Rajganj,CGWB,20,Jharkhand,325,DHANBAD,BAGHMARA CUM KATRAS,BAGHMARA CUM KATRAS,Rajganj,-,-,-,-,-,-,23.87361111,86.33750000,25-05-2012 00:00,"",
1008,Rajhara,CGWB,20,Jharkhand,338,PALAMAU,BISHRAMPUR,BISHRAMPUR,Rajhara,-,-,-,-,-,-,24.17916667,84.02500000,25-05-2010 00:00,"",
1009,Rajhara,CGWB,20,Jharkhand,338,PALAMAU,BISHRAMPUR,BISHRAMPUR,Rajhara,-,-,-,-,-,-,24.17916667,84.02500000,25-05-2011 00:00,"",
1010,Rajmahal,CGWB,20,Jharkhand,340,Sahebganj,RAJMAHAL,RAJMAHAL,Rajmahal,-,-,-,-,-,-,25.03333333,87.81333333,25-05-2004 00:00,"",
1011,Rajmahal,CGWB,20,Jharkhand,340,Sahebganj,RAJMAHAL,RAJMAHAL,Rajmahal,-,-,-,-,-,-,25.03333333,87.81333333,25-05-2005 00:00,"",
1012,Rajmahal,CGWB,20,Jharkhand,340,Sahebganj,RAJMAHAL,RAJMAHAL,Rajmahal,-,-,-,-,-,-,25.03333333,87.81333333,25-05-2008 00:00,"",
1013,Rajmahal,CGWB,20,Jharkhand,340,Sahebganj,RAJMAHAL,RAJMAHAL,Rajmahal,-,-,-,-,-,-,25.03333333,87.81333333,25-05-2012 00:00,"",
1014,Rajmahal,CGWB,20,Jharkhand,340,Sahebganj,RAJMAHAL,RAJMAHAL,Rajmahal,-,-,-,-,-,-,25.03333333,87.81333333,25-05-2013 00:00,"",
1015,Rajnagar,CGWB,20,Jharkhand,343,PASHCHIMI SINGHBHUM,GOBINDPUR (RAJNAGAR),GOBINDPUR (RAJNAGAR),Rajnagar,-,-,-,-,-,-,22.58333333,85.92500000,25-05-2003 00:00,"",
1016,Rajnagar,CGWB,20,Jharkhand,343,PASHCHIMI SINGHBHUM,GOBINDPUR (RAJNAGAR),GOBINDPUR (RAJNAGAR),Rajnagar,-,-,-,-,-,-,22.58333333,85.92500000,25-05-2007 00:00,"",
1017,Rajnagar,CGWB,20,Jharkhand,343,PASHCHIMI SINGHBHUM,GOBINDPUR (RAJNAGAR),GOBINDPUR (RAJNAGAR),Rajnagar,-,-,-,-,-,-,22.58333333,85.92500000,25-05-2008 00:00,"",
1018,Rajnagar,CGWB,20,Jharkhand,343,PASHCHIMI SINGHBHUM,GOBINDPUR (RAJNAGAR),GOBINDPUR (RAJNAGAR),Rajnagar,-,-,-,-,-,-,22.58333333,85.92500000,25-05-2011 00:00,"",
1019,Rajrappa,CGWB,20,Jharkhand,332,HAZARIBAG,RAMGARH,RAMGARH,Rajrappa,-,-,-,-,-,-,23.58694444,85.63000000,25-05-2004 00:00,"",
1020,Rajrappa,CGWB,20,Jharkhand,332,HAZARIBAG,RAMGARH,RAMGARH,Rajrappa,-,-,-,-,-,-,23.58694444,85.63000000,25-05-2008 00:00,"",
1021,Ramgarh,CGWB,20,Jharkhand,326,DUMKA,RAMGARH,RAMGARH,Ramgarh,-,-,-,-,-,-,24.55416667,87.25000000,25-05-2002 00:00,"",
1022,Ramgarh,CGWB,20,Jharkhand,326,DUMKA,RAMGARH,RAMGARH,Ramgarh,-,-,-,-,-,-,24.55416667,87.25000000,25-05-2005 00:00,"",
1023,Ramgarh,CGWB,20,Jharkhand,326,DUMKA,RAMGARH,RAMGARH,Ramgarh,-,-,-,-,-,-,24.55416667,87.25000000,25-05-2009 00:00,"",
1024,Ramgarh,CGWB,20,Jharkhand,326,DUMKA,RAMGARH,RAMGARH,Ramgarh,-,-,-,-,-,-,24.55416667,87.25000000,25-05-2010 00:00,"",
1025,Ramgarh,CGWB,20,Jharkhand,326,DUMKA,RAMGARH,RAMGARH,Ramgarh,-,-,-,-,-,-,24.55416667,87.25000000,25-05-2012 00:00,"",
1026,Ramgarh1,CGWB,20,Jharkhand,327,PURBI SINGHBHUM,POTKA,POTKA,Ramgarh,-,-,-,-,-,-,22.71250000,86.32000000,25-05-2009 00:00,"",
1027,Ramgarh1,CGWB,20,Jharkhand,327,PURBI SINGHBHUM,POTKA,POTKA,Ramgarh,-,-,-,-,-,-,22.71250000,86.32000000,25-05-2010 00:00,"",
1028,Ramgarh2,CGWB,20,Jharkhand,332,HAZARIBAG,RAMGARH,RAMGARH,Ramgarh,-,-,-,-,-,-,23.64277778,85.48611111,25-05-2007 00:00,"",
1029,Ramgarh2,CGWB,20,Jharkhand,332,HAZARIBAG,RAMGARH,RAMGARH,Ramgarh,-,-,-,-,-,-,23.64277778,85.48611111,25-05-2008 00:00,"",
1030,Ramgarh2,CGWB,20,Jharkhand,332,HAZARIBAG,RAMGARH,RAMGARH,Ramgarh,-,-,-,-,-,-,23.64277778,85.48611111,25-05-2010 00:00,"",
1031,Ramgarh2,CGWB,20,Jharkhand,332,HAZARIBAG,RAMGARH,RAMGARH,Ramgarh,-,-,-,-,-,-,23.64277778,85.48611111,25-05-2011 00:00,"",
1032,Ranchi,CGWB,20,Jharkhand,339,RANCHI,NAMKUM,NAMKUM,Ranchi,-,-,-,-,-,-,23.34861111,85.31250000,25-05-2003 00:00,"",
1033,Ranchi,CGWB,20,Jharkhand,339,RANCHI,NAMKUM,NAMKUM,Ranchi,-,-,-,-,-,-,23.34861111,85.31250000,25-05-2004 00:00,"",
1034,Ranchi,CGWB,20,Jharkhand,339,RANCHI,NAMKUM,NAMKUM,Ranchi,-,-,-,-,-,-,23.34861111,85.31250000,25-05-2005 00:00,"",
1035,Ranchi,CGWB,20,Jharkhand,339,RANCHI,NAMKUM,NAMKUM,Ranchi,-,-,-,-,-,-,23.34861111,85.31250000,25-05-2006 00:00,"",
1036,Ranchi,CGWB,20,Jharkhand,339,RANCHI,NAMKUM,NAMKUM,Ranchi,-,-,-,-,-,-,23.34861111,85.31250000,25-05-2012 00:00,"",
1037,Ranchi1,CGWB,20,Jharkhand,339,RANCHI,NAMKUM,NAMKUM,Ranchi,-,-,-,-,-,-,23.34833333,85.31277778,25-05-2004 00:00,"",
1038,Ranchi1,CGWB,20,Jharkhand,339,RANCHI,NAMKUM,NAMKUM,Ranchi,-,-,-,-,-,-,23.34861111,85.31277778,25-05-2007 00:00,"",
1039,Ranchi1,CGWB,20,Jharkhand,339,RANCHI,NAMKUM,NAMKUM,Ranchi,-,-,-,-,-,-,23.34833333,85.31277778,25-05-2009 00:00,"",
1040,Raneswar,CGWB,20,Jharkhand,326,DUMKA,RANISHWAR,RANISHWAR,Raneswar,-,-,-,-,-,-,24.02916667,87.42500000,25-05-2005 00:00,"",
1041,Raneswar,CGWB,20,Jharkhand,326,DUMKA,RANISHWAR,RANISHWAR,Raneswar,-,-,-,-,-,-,24.02916667,87.42500000,25-05-2006 00:00,"",
1042,Raneswar,CGWB,20,Jharkhand,326,DUMKA,RANISHWAR,RANISHWAR,Raneswar,-,-,-,-,-,-,24.02916667,87.42500000,25-05-2008 00:00,"",
1043,Raneswar,CGWB,20,Jharkhand,326,DUMKA,RANISHWAR,RANISHWAR,Raneswar,-,-,-,-,-,-,24.02916667,87.42500000,25-05-2009 00:00,"",
1044,Raneswar,CGWB,20,Jharkhand,326,DUMKA,RANISHWAR,RANISHWAR,Raneswar,-,-,-,-,-,-,24.02916667,87.42500000,25-05-2011 00:00,"",
1045,Raneswar,CGWB,20,Jharkhand,326,DUMKA,RANISHWAR,RANISHWAR,Raneswar,-,-,-,-,-,-,24.02916667,87.42500000,25-05-2012 00:00,"",
1046,Raneswar,CGWB,20,Jharkhand,326,DUMKA,RANISHWAR,RANISHWAR,Raneswar,-,-,-,-,-,-,24.02916667,87.42500000,25-05-2013 00:00,"",
1047,Ranga,CGWB,20,Jharkhand,340,Sahebganj,PATHNA,PATHNA,Ranga,-,-,-,-,-,-,24.84444444,87.71361111,25-05-2012 00:00,"",
1048,Ranga,CGWB,20,Jharkhand,340,Sahebganj,PATHNA,PATHNA,Ranga,-,-,-,-,-,-,24.84444444,87.71361111,25-05-2013 00:00,"",
1049,Rangamati,CGWB,20,Jharkhand,339,RANCHI,TAMAR (I),TAMAR (I),Rangamati,-,-,-,-,-,-,23.37000000,85.83000000,25-05-2012 00:00,"",
1050,Rangamati,CGWB,20,Jharkhand,339,RANCHI,TAMAR (I),TAMAR (I),Rangamati,-,-,-,-,-,-,23.37000000,85.83000000,25-05-2013 00:00,"",
1051,Rudh1,CGWB,20,Jharkhand,336,LOHARDAGA,KURU,KURU,Rudh,-,-,-,-,-,-,23.55750000,84.81361111,25-05-2002 00:00,"",
1052,Rudh1,CGWB,20,Jharkhand,336,LOHARDAGA,KURU,KURU,Rudh,-,-,-,-,-,-,23.55750000,84.81361111,25-05-2012 00:00,"",
1053,Rudh1,CGWB,20,Jharkhand,336,LOHARDAGA,KURU,KURU,Rudh,-,-,-,-,-,-,23.55750000,84.81361111,25-05-2013 00:00,"",
1054,Sagalim,CGWB,20,Jharkhand,338,PALAMAU,PANKI,PANKI,Sagalim,-,-,-,-,-,-,24.06500000,84.34888889,25-05-2012 00:00,"",
1055,Sahebganj1,CGWB,20,Jharkhand,340,Sahebganj,BORIO,BORIO,Sahebganj,-,-,-,-,-,-,25.23333333,87.63888889,25-05-2000 00:00,"",
1056,Sahebganj1,CGWB,20,Jharkhand,340,Sahebganj,BORIO,BORIO,Sahebganj,-,-,-,-,-,-,25.23333333,87.63888889,25-05-2012 00:00,"",
1057,Sahebganj1,CGWB,20,Jharkhand,340,Sahebganj,BORIO,BORIO,Sahebganj,-,-,-,-,-,-,25.23333333,87.63888889,25-05-2013 00:00,"",
1058,Sakrigali,CGWB,20,Jharkhand,340,Sahebganj,BORIO,BORIO,Sakrigali,-,-,-,-,-,-,25.23333333,87.70277778,25-05-2004 00:00,"",
1059,Sakrigali,CGWB,20,Jharkhand,340,Sahebganj,BORIO,BORIO,Sakrigali,-,-,-,-,-,-,25.23333333,87.70277778,25-05-2005 00:00,"",
1060,Sakrigali,CGWB,20,Jharkhand,340,Sahebganj,BORIO,BORIO,Sakrigali,-,-,-,-,-,-,25.23333333,87.70277778,25-05-2008 00:00,"",
1061,Sakrigali,CGWB,20,Jharkhand,340,Sahebganj,BORIO,BORIO,Sakrigali,-,-,-,-,-,-,25.23333333,87.70277778,25-05-2010 00:00,"",
1062,Sakrigali,CGWB,20,Jharkhand,340,Sahebganj,BORIO,BORIO,Sakrigali,-,-,-,-,-,-,25.23333333,87.70277778,25-05-2011 00:00,"",
1063,Sakrigali,CGWB,20,Jharkhand,340,Sahebganj,BORIO,BORIO,Sakrigali,-,-,-,-,-,-,25.23333333,87.70277778,25-05-2012 00:00,"",
1064,Sakrigali,CGWB,20,Jharkhand,340,Sahebganj,BORIO,BORIO,Sakrigali,-,-,-,-,-,-,25.23333333,87.70277778,25-05-2013 00:00,"",
1065,Salgapara,CGWB,20,Jharkhand,337,Pakur,PAKURIA,PAKURIA,Salgapara,-,-,-,-,-,-,24.37916667,87.67277778,25-05-2004 00:00,"",
1066,Salgapara,CGWB,20,Jharkhand,337,Pakur,PAKURIA,PAKURIA,Salgapara,-,-,-,-,-,-,24.37916667,87.67277778,25-05-2009 00:00,"",
1067,Salgapara,CGWB,20,Jharkhand,337,Pakur,PAKURIA,PAKURIA,Salgapara,-,-,-,-,-,-,24.37916667,87.67277778,25-05-2010 00:00,"",
1068,Salgapara,CGWB,20,Jharkhand,337,Pakur,PAKURIA,PAKURIA,Salgapara,-,-,-,-,-,-,24.37916667,87.67277778,25-05-2011 00:00,"",
1069,Sandha,CGWB,20,Jharkhand,338,PALAMAU,HUSSAINABAD,HUSSAINABAD,Sandha,-,-,-,-,-,-,24.46666667,84.04166667,25-05-2010 00:00,"",
1070,Sandha,CGWB,20,Jharkhand,338,PALAMAU,HUSSAINABAD,HUSSAINABAD,Sandha,-,-,-,-,-,-,24.46666667,84.04166667,25-05-2011 00:00,"",
1071,Sandha,CGWB,20,Jharkhand,338,PALAMAU,HUSSAINABAD,HUSSAINABAD,Sandha,-,-,-,-,-,-,24.46666667,84.04166667,25-05-2012 00:00,"",
1072,Sandha,CGWB,20,Jharkhand,338,PALAMAU,HUSSAINABAD,HUSSAINABAD,Sandha,-,-,-,-,-,-,24.46666667,84.04166667,25-05-2013 00:00,"",
1073,Saraikela,CGWB,20,Jharkhand,343,PASHCHIMI SINGHBHUM,SERAIKELA,SERAIKELA,Saraikela,-,-,-,-,-,-,22.70416667,85.92083333,25-05-2003 00:00,"",
1074,Saraikela,CGWB,20,Jharkhand,343,PASHCHIMI SINGHBHUM,SERAIKELA,SERAIKELA,Saraikela,-,-,-,-,-,-,22.70416667,85.92083333,25-05-2004 00:00,"",
1075,Saraikela,CGWB,20,Jharkhand,343,PASHCHIMI SINGHBHUM,SERAIKELA,SERAIKELA,Saraikela,-,-,-,-,-,-,22.70416667,85.92083333,25-05-2005 00:00,"",
1076,Saraikela,CGWB,20,Jharkhand,343,PASHCHIMI SINGHBHUM,SERAIKELA,SERAIKELA,Saraikela,-,-,-,-,-,-,22.70416667,85.92083333,25-05-2006 00:00,"",
1077,Saraikela,CGWB,20,Jharkhand,343,PASHCHIMI SINGHBHUM,SERAIKELA,SERAIKELA,Saraikela,-,-,-,-,-,-,22.70416667,85.92083333,25-05-2009 00:00,"",
1078,Saraiya new,CGWB,20,Jharkhand,329,GIRIDIH,BAGODAR,BAGODAR,Saraiya,-,-,-,-,-,-,24.17083333,85.88750000,25-05-2012 00:00,"",
1079,Saraiya new,CGWB,20,Jharkhand,329,GIRIDIH,BAGODAR,BAGODAR,Saraiya,-,-,-,-,-,-,24.17083333,85.88750000,25-05-2013 00:00,"",
1080,Sarath,CGWB,20,Jharkhand,324,DEOGHAR,SARATH,SARATH,Sarath,-,-,-,-,-,-,24.24444444,86.85500000,25-05-2000 00:00,"",
1081,Sarath,CGWB,20,Jharkhand,324,DEOGHAR,SARATH,SARATH,Sarath,-,-,-,-,-,-,24.24444444,86.85500000,25-05-2002 00:00,"",
1082,Sarath,CGWB,20,Jharkhand,324,DEOGHAR,SARATH,SARATH,Sarath,-,-,-,-,-,-,24.24444444,86.85500000,25-05-2003 00:00,"",
1083,Sarath,CGWB,20,Jharkhand,324,DEOGHAR,SARATH,SARATH,Sarath,-,-,-,-,-,-,24.24444444,86.85500000,25-05-2004 00:00,"",
1084,Sarath,CGWB,20,Jharkhand,324,DEOGHAR,SARATH,SARATH,Sarath,-,-,-,-,-,-,24.24444444,86.85500000,25-05-2005 00:00,"",
1085,Sarath,CGWB,20,Jharkhand,324,DEOGHAR,SARATH,SARATH,Sarath,-,-,-,-,-,-,24.24444444,86.85500000,25-05-2006 00:00,"",
1086,Sarath,CGWB,20,Jharkhand,324,DEOGHAR,SARATH,SARATH,Sarath,-,-,-,-,-,-,24.24444444,86.85500000,25-05-2008 00:00,"",
1087,Sarath,CGWB,20,Jharkhand,324,DEOGHAR,SARATH,SARATH,Sarath,-,-,-,-,-,-,24.24444444,86.85500000,25-05-2009 00:00,"",
1088,Sarath,CGWB,20,Jharkhand,324,DEOGHAR,SARATH,SARATH,Sarath,-,-,-,-,-,-,24.24444444,86.85500000,25-05-2012 00:00,"",
1089,Sarath,CGWB,20,Jharkhand,324,DEOGHAR,SARATH,SARATH,Sarath,-,-,-,-,-,-,24.24444444,86.85500000,25-05-2013 00:00,"",
1090,Sarawan,CGWB,20,Jharkhand,324,DEOGHAR,SARWAN,SARWAN,Sarawan,-,-,-,-,-,-,24.38027778,86.85500000,25-05-2003 00:00,"",
1091,Sarawan,CGWB,20,Jharkhand,324,DEOGHAR,SARWAN,SARWAN,Sarawan,-,-,-,-,-,-,24.38027778,86.85500000,25-05-2006 00:00,"",
1092,Sarawan,CGWB,20,Jharkhand,324,DEOGHAR,SARWAN,SARWAN,Sarawan,-,-,-,-,-,-,24.38027778,86.85500000,25-05-2008 00:00,"",
1093,Sarawan,CGWB,20,Jharkhand,324,DEOGHAR,SARWAN,SARWAN,Sarawan,-,-,-,-,-,-,24.38027778,86.85500000,25-05-2009 00:00,"",
1094,Sarawan,CGWB,20,Jharkhand,324,DEOGHAR,SARWAN,SARWAN,Sarawan,-,-,-,-,-,-,24.38027778,86.85500000,25-05-2010 00:00,"",
1095,Sarawan,CGWB,20,Jharkhand,324,DEOGHAR,SARWAN,SARWAN,Sarawan,-,-,-,-,-,-,24.38027778,86.85500000,25-05-2011 00:00,"",
1096,Sarawan,CGWB,20,Jharkhand,324,DEOGHAR,SARWAN,SARWAN,Sarawan,-,-,-,-,-,-,24.38027778,86.85500000,25-05-2012 00:00,"",
1097,Sarawan,CGWB,20,Jharkhand,324,DEOGHAR,SARWAN,SARWAN,Sarawan,-,-,-,-,-,-,24.38027778,86.85500000,25-05-2013 00:00,"",
1098,Satbarwa,CGWB,20,Jharkhand,338,PALAMAU,BARWADIH,BARWADIH,Satbarwa,-,-,-,-,-,-,23.84583333,84.19166667,25-05-2008 00:00,"",
1099,Satbarwa,CGWB,20,Jharkhand,338,PALAMAU,BARWADIH,BARWADIH,Satbarwa,-,-,-,-,-,-,23.84583333,84.19166667,25-05-2009 00:00,"",
1100,Satbarwa,CGWB,20,Jharkhand,338,PALAMAU,BARWADIH,BARWADIH,Satbarwa,-,-,-,-,-,-,23.84583333,84.19166667,25-05-2010 00:00,"",
1101,Satbarwa,CGWB,20,Jharkhand,338,PALAMAU,BARWADIH,BARWADIH,Satbarwa,-,-,-,-,-,-,23.84583333,84.19166667,25-05-2012 00:00,"",
1102,Senha Bdo,CGWB,20,Jharkhand,336,LOHARDAGA,SENHA,SENHA,Senha Bdo,-,-,-,-,-,-,23.38750000,84.65416667,25-05-2007 00:00,"",
1103,Senha Bdo,CGWB,20,Jharkhand,336,LOHARDAGA,SENHA,SENHA,Senha Bdo,-,-,-,-,-,-,23.38750000,84.65416667,25-05-2008 00:00,"",
1104,Senha Bdo,CGWB,20,Jharkhand,336,LOHARDAGA,SENHA,SENHA,Senha Bdo,-,-,-,-,-,-,23.38750000,84.65416667,25-05-2009 00:00,"",
1105,Senha Bdo,CGWB,20,Jharkhand,336,LOHARDAGA,SENHA,SENHA,Senha Bdo,-,-,-,-,-,-,23.38750000,84.65416667,25-05-2010 00:00,"",
1106,Senha Bdo,CGWB,20,Jharkhand,336,LOHARDAGA,SENHA,SENHA,Senha Bdo,-,-,-,-,-,-,23.38750000,84.65416667,25-05-2011 00:00,"",
1107,Senha Bdo,CGWB,20,Jharkhand,336,LOHARDAGA,SENHA,SENHA,Senha Bdo,-,-,-,-,-,-,23.38750000,84.65416667,25-05-2012 00:00,"",
1108,Senha Bdo,CGWB,20,Jharkhand,336,LOHARDAGA,SENHA,SENHA,Senha Bdo,-,-,-,-,-,-,23.38750000,84.65416667,25-05-2013 00:00,"",
1109,Seringathu,CGWB,20,Jharkhand,339,RANCHI,SONAHATU,SONAHATU,Seringathu,-,-,-,-,-,-,23.22944444,85.72527778,25-05-2003 00:00,"",
1110,Seringathu,CGWB,20,Jharkhand,339,RANCHI,SONAHATU,SONAHATU,Seringathu,-,-,-,-,-,-,23.22944444,85.72527778,25-05-2007 00:00,"",
1111,Seringathu,CGWB,20,Jharkhand,339,RANCHI,SONAHATU,SONAHATU,Seringathu,-,-,-,-,-,-,23.20833333,85.72555556,25-05-2008 00:00,"",
1112,Sikaripara,CGWB,20,Jharkhand,326,DUMKA,SHIKARIPARA,SHIKARIPARA,Sikaripara,-,-,-,-,-,-,24.23333333,87.46722222,25-05-2002 00:00,"",
1113,Sikaripara,CGWB,20,Jharkhand,326,DUMKA,SHIKARIPARA,SHIKARIPARA,Sikaripara,-,-,-,-,-,-,24.23333333,87.46722222,25-05-2004 00:00,"",
1114,Sikaripara,CGWB,20,Jharkhand,326,DUMKA,SHIKARIPARA,SHIKARIPARA,Sikaripara,-,-,-,-,-,-,24.23333333,87.46722222,25-05-2005 00:00,"",
1115,Sikaripara,CGWB,20,Jharkhand,326,DUMKA,SHIKARIPARA,SHIKARIPARA,Sikaripara,-,-,-,-,-,-,24.23333333,87.46722222,25-05-2006 00:00,"",
1116,Sikaripara,CGWB,20,Jharkhand,326,DUMKA,SHIKARIPARA,SHIKARIPARA,Sikaripara,-,-,-,-,-,-,24.23333333,87.46722222,25-05-2008 00:00,"",
1117,Sikaripara,CGWB,20,Jharkhand,326,DUMKA,SHIKARIPARA,SHIKARIPARA,Sikaripara,-,-,-,-,-,-,24.23333333,87.46722222,25-05-2010 00:00,"",
1118,Sikaripara,CGWB,20,Jharkhand,326,DUMKA,SHIKARIPARA,SHIKARIPARA,Sikaripara,-,-,-,-,-,-,24.23333333,87.46722222,25-05-2012 00:00,"",
1119,Silli,CGWB,20,Jharkhand,339,RANCHI,SILLI,SILLI,Silli,-,-,-,-,-,-,23.36666667,85.83333333,25-05-2004 00:00,"",
1120,Silli,CGWB,20,Jharkhand,339,RANCHI,SILLI,SILLI,Silli,-,-,-,-,-,-,23.36666667,85.83333333,25-05-2006 00:00,"",
1121,Silli,CGWB,20,Jharkhand,339,RANCHI,SILLI,SILLI,Silli,-,-,-,-,-,-,23.36666667,85.83333333,25-05-2007 00:00,"",
1122,Silli,CGWB,20,Jharkhand,339,RANCHI,SILLI,SILLI,Silli,-,-,-,-,-,-,23.36666667,85.83333333,25-05-2008 00:00,"",
1123,Silli,CGWB,20,Jharkhand,339,RANCHI,SILLI,SILLI,Silli,-,-,-,-,-,-,23.36666667,85.83333333,25-05-2009 00:00,"",
1124,Silli,CGWB,20,Jharkhand,339,RANCHI,SILLI,SILLI,Silli,-,-,-,-,-,-,23.36666667,85.83333333,25-05-2012 00:00,"",
1125,Silli,CGWB,20,Jharkhand,339,RANCHI,SILLI,SILLI,Silli,-,-,-,-,-,-,23.36666667,85.83333333,25-05-2013 00:00,"",
1126,Simaria,CGWB,20,Jharkhand,323,CHATRA,SIMARIA,SIMARIA,Simaria,-,-,-,-,-,-,24.08083333,84.95777778,25-05-2004 00:00,"",
1127,Simaria,CGWB,20,Jharkhand,323,CHATRA,SIMARIA,SIMARIA,Simaria,-,-,-,-,-,-,24.08083333,84.95777778,25-05-2008 00:00,"",
1128,Simaria,CGWB,20,Jharkhand,323,CHATRA,SIMARIA,SIMARIA,Simaria,-,-,-,-,-,-,24.08083333,84.95777778,25-05-2009 00:00,"",
1129,Simaria,CGWB,20,Jharkhand,323,CHATRA,SIMARIA,SIMARIA,Simaria,-,-,-,-,-,-,24.08083333,84.95777778,25-05-2010 00:00,"",
1130,Simaria,CGWB,20,Jharkhand,323,CHATRA,SIMARIA,SIMARIA,Simaria,-,-,-,-,-,-,24.08083333,84.95777778,25-05-2011 00:00,"",
1131,Simaria,CGWB,20,Jharkhand,323,CHATRA,SIMARIA,SIMARIA,Simaria,-,-,-,-,-,-,24.08083333,84.95777778,25-05-2012 00:00,"",
1132,Simaria,CGWB,20,Jharkhand,323,CHATRA,SIMARIA,SIMARIA,Simaria,-,-,-,-,-,-,24.08083333,84.95777778,25-05-2013 00:00,"",
1133,Sindri,CGWB,20,Jharkhand,325,DHANBAD,BALIAPUR,BALIAPUR,Sindri,-,-,-,-,-,-,23.64166667,86.52500000,25-05-2003 00:00,"",
1134,Sindri,CGWB,20,Jharkhand,325,DHANBAD,BALIAPUR,BALIAPUR,Sindri,-,-,-,-,-,-,23.64166667,86.52500000,25-05-2004 00:00,"",
1135,Sindri,CGWB,20,Jharkhand,325,DHANBAD,BALIAPUR,BALIAPUR,Sindri,-,-,-,-,-,-,23.64166667,86.52500000,25-05-2006 00:00,"",
1136,Sindri,CGWB,20,Jharkhand,325,DHANBAD,BALIAPUR,BALIAPUR,Sindri,-,-,-,-,-,-,23.64166667,86.52500000,25-05-2010 00:00,"",
1137,Sisai,CGWB,20,Jharkhand,331,GUMLA,SISAI,SISAI,Sisai,-,-,-,-,-,-,23.18500000,84.76888889,25-05-2002 00:00,"",
1138,Sisai,CGWB,20,Jharkhand,331,GUMLA,SISAI,SISAI,Sisai,-,-,-,-,-,-,23.18500000,84.76888889,25-05-2004 00:00,"",
1139,Sisai,CGWB,20,Jharkhand,331,GUMLA,SISAI,SISAI,Sisai,-,-,-,-,-,-,23.18500000,84.76888889,25-05-2006 00:00,"",
1140,Sisai,CGWB,20,Jharkhand,331,GUMLA,SISAI,SISAI,Sisai,-,-,-,-,-,-,23.18500000,84.76888889,25-05-2012 00:00,"",
1141,Sisai,CGWB,20,Jharkhand,331,GUMLA,SISAI,SISAI,Sisai,-,-,-,-,-,-,23.18500000,84.76888889,25-05-2013 00:00,"",
1142,Sonahatu,CGWB,20,Jharkhand,339,RANCHI,SONAHATU,SONAHATU,Sonahatu,-,-,-,-,-,-,23.20000000,85.70972222,25-05-2012 00:00,"",
1143,Sonahatu,CGWB,20,Jharkhand,339,RANCHI,SONAHATU,SONAHATU,Sonahatu,-,-,-,-,-,-,23.20000000,85.70972222,25-05-2013 00:00,"",
1144,Sundarnagar,CGWB,20,Jharkhand,327,PURBI SINGHBHUM,GOLMURI CUM JUGSALAI,GOLMURI CUM JUGSALAI,Sundarnagar,-,-,-,-,-,-,22.75000000,86.20416667,25-05-2003 00:00,"",
1145,Sundarnagar,CGWB,20,Jharkhand,327,PURBI SINGHBHUM,GOLMURI CUM JUGSALAI,GOLMURI CUM JUGSALAI,Sundarnagar,-,-,-,-,-,-,22.75000000,86.20416667,25-05-2004 00:00,"",
1146,Sundarnagar,CGWB,20,Jharkhand,327,PURBI SINGHBHUM,GOLMURI CUM JUGSALAI,GOLMURI CUM JUGSALAI,Sundarnagar,-,-,-,-,-,-,22.75000000,86.20416667,25-05-2006 00:00,"",
1147,Sundarnagar,CGWB,20,Jharkhand,327,PURBI SINGHBHUM,GOLMURI CUM JUGSALAI,GOLMURI CUM JUGSALAI,Sundarnagar,-,-,-,-,-,-,22.75000000,86.20416667,25-05-2007 00:00,"",
1148,Sundarnagar,CGWB,20,Jharkhand,327,PURBI SINGHBHUM,GOLMURI CUM JUGSALAI,GOLMURI CUM JUGSALAI,Sundarnagar,-,-,-,-,-,-,22.75000000,86.20416667,25-05-2009 00:00,"",
1149,Sundar Pahari,CGWB,20,Jharkhand,330,GODDA,SUNDAR PAHARI,SUNDAR PAHARI,Sundar Pahari,-,-,-,-,-,-,24.75833333,87.36666667,25-05-2002 00:00,"",
1150,Sundar Pahari,CGWB,20,Jharkhand,330,GODDA,SUNDAR PAHARI,SUNDAR PAHARI,Sundar Pahari,-,-,-,-,-,-,24.75833333,87.36666667,25-05-2004 00:00,"",
1151,Sundar Pahari,CGWB,20,Jharkhand,330,GODDA,SUNDAR PAHARI,SUNDAR PAHARI,Sundar Pahari,-,-,-,-,-,-,24.75833333,87.36666667,25-05-2005 00:00,"",
1152,Sundar Pahari,CGWB,20,Jharkhand,330,GODDA,SUNDAR PAHARI,SUNDAR PAHARI,Sundar Pahari,-,-,-,-,-,-,24.75833333,87.36666667,25-05-2012 00:00,"",
1153,Taimara,CGWB,20,Jharkhand,339,RANCHI,BUNDU,BUNDU,Taimara,-,-,-,-,-,-,23.19000000,85.51611111,25-05-2012 00:00,"",
1154,Taimara,CGWB,20,Jharkhand,339,RANCHI,BUNDU,BUNDU,Taimara,-,-,-,-,-,-,23.19000000,85.51611111,25-05-2013 00:00,"",
1155,Taljhari,CGWB,20,Jharkhand,340,Sahebganj,RAJMAHAL,RAJMAHAL,Taljhari,-,-,-,-,-,-,25.05833333,87.79000000,25-05-2012 00:00,"",
1156,Taljhari1,CGWB,20,Jharkhand,340,Sahebganj,RAJMAHAL,RAJMAHAL,Taljhari,-,-,-,-,-,-,25.05861111,87.79027778,25-05-2008 00:00,"",
1157,Taljhari1,CGWB,20,Jharkhand,340,Sahebganj,RAJMAHAL,RAJMAHAL,Taljhari,-,-,-,-,-,-,25.05861111,87.79027778,25-05-2009 00:00,"",
1158,Taljhari1,CGWB,20,Jharkhand,340,Sahebganj,RAJMAHAL,RAJMAHAL,Taljhari,-,-,-,-,-,-,25.05861111,87.79027778,25-05-2010 00:00,"",
1159,Tamar,CGWB,20,Jharkhand,339,RANCHI,TAMAR (I),TAMAR (I),Tamar,-,-,-,-,-,-,23.06666667,85.63333333,25-05-2002 00:00,"",
1160,Tamar,CGWB,20,Jharkhand,339,RANCHI,TAMAR (I),TAMAR (I),Tamar,-,-,-,-,-,-,23.06666667,85.63333333,25-05-2003 00:00,"",
1161,Tamar,CGWB,20,Jharkhand,339,RANCHI,TAMAR (I),TAMAR (I),Tamar,-,-,-,-,-,-,23.06666667,85.63333333,25-05-2005 00:00,"",
1162,Tamar,CGWB,20,Jharkhand,339,RANCHI,TAMAR (I),TAMAR (I),Tamar,-,-,-,-,-,-,23.06666667,85.63333333,25-05-2006 00:00,"",
1163,Tamar,CGWB,20,Jharkhand,339,RANCHI,TAMAR (I),TAMAR (I),Tamar,-,-,-,-,-,-,23.06666667,85.63333333,25-05-2007 00:00,"",
1164,Tamar,CGWB,20,Jharkhand,339,RANCHI,TAMAR (I),TAMAR (I),Tamar,-,-,-,-,-,-,23.06666667,85.63333333,25-05-2008 00:00,"",
1165,Tamar,CGWB,20,Jharkhand,339,RANCHI,TAMAR (I),TAMAR (I),Tamar,-,-,-,-,-,-,23.06666667,85.63333333,25-05-2009 00:00,"",
1166,Tamar,CGWB,20,Jharkhand,339,RANCHI,TAMAR (I),TAMAR (I),Tamar,-,-,-,-,-,-,23.06666667,85.63333333,25-05-2010 00:00,"",
1167,Tandwa,CGWB,20,Jharkhand,323,CHATRA,TANDWA,TANDWA,Tandwa,-,-,-,-,-,-,23.85833333,85.02916667,25-05-2011 00:00,"",
1168,Tandwa,CGWB,20,Jharkhand,323,CHATRA,TANDWA,TANDWA,Tandwa,-,-,-,-,-,-,23.85833333,85.02916667,25-05-2013 00:00,"",
1169,Tengratuku,CGWB,20,Jharkhand,331,GUMLA,JALDEGA,JALDEGA,Tengratuku,-,-,-,-,-,-,22.68083333,84.56194444,25-05-2012 00:00,"",
1170,Tenughat,CGWB,20,Jharkhand,322,BOKARO,PETERBAR,PETERBAR,Tenughat,-,-,-,-,-,-,23.75000000,85.96666667,25-05-2003 00:00,"",
1171,Tenughat,CGWB,20,Jharkhand,322,BOKARO,PETERBAR,PETERBAR,Tenughat,-,-,-,-,-,-,23.75000000,85.96666667,25-05-2004 00:00,"",
1172,Tenughat,CGWB,20,Jharkhand,322,BOKARO,PETERBAR,PETERBAR,Tenughat,-,-,-,-,-,-,23.75000000,85.96666667,25-05-2005 00:00,"",
1173,Tenughat,CGWB,20,Jharkhand,322,BOKARO,PETERBAR,PETERBAR,Tenughat,-,-,-,-,-,-,23.75000000,85.96666667,25-05-2006 00:00,"",
1174,Tenughat,CGWB,20,Jharkhand,322,BOKARO,PETERBAR,PETERBAR,Tenughat,-,-,-,-,-,-,23.75000000,85.96666667,25-05-2007 00:00,"",
1175,Tenughat,CGWB,20,Jharkhand,322,BOKARO,PETERBAR,PETERBAR,Tenughat,-,-,-,-,-,-,23.75000000,85.96666667,25-05-2008 00:00,"",
1176,Tenughat,CGWB,20,Jharkhand,322,BOKARO,PETERBAR,PETERBAR,Tenughat,-,-,-,-,-,-,23.75000000,85.96666667,25-05-2009 00:00,"",
1177,Tenughat,CGWB,20,Jharkhand,322,BOKARO,PETERBAR,PETERBAR,Tenughat,-,-,-,-,-,-,23.75000000,85.96666667,25-05-2010 00:00,"",
1178,Tenughat,CGWB,20,Jharkhand,322,BOKARO,PETERBAR,PETERBAR,Tenughat,-,-,-,-,-,-,23.75000000,85.96666667,25-05-2011 00:00,"",
1179,Tenughat,CGWB,20,Jharkhand,322,BOKARO,PETERBAR,PETERBAR,Tenughat,-,-,-,-,-,-,23.75000000,85.96666667,25-05-2012 00:00,"",
1180,Tenughat,CGWB,20,Jharkhand,322,BOKARO,PETERBAR,PETERBAR,Tenughat,-,-,-,-,-,-,23.75000000,85.96666667,25-05-2013 00:00,"",
1181,Thethai Thangar,CGWB,20,Jharkhand,331,GUMLA,THETHAITANGAR,THETHAITANGAR,Thethai Thangar,-,-,-,-,-,-,22.51055556,84.51666667,25-05-2003 00:00,"",
1182,Thethai Thangar,CGWB,20,Jharkhand,331,GUMLA,THETHAITANGAR,THETHAITANGAR,Thethai Thangar,-,-,-,-,-,-,22.51055556,84.51666667,25-05-2004 00:00,"",
1183,Thethai Thangar,CGWB,20,Jharkhand,331,GUMLA,THETHAITANGAR,THETHAITANGAR,Thethai Thangar,-,-,-,-,-,-,22.51055556,84.51666667,25-05-2009 00:00,"",
1184,Thethai Thangar,CGWB,20,Jharkhand,331,GUMLA,THETHAITANGAR,THETHAITANGAR,Thethai Thangar,-,-,-,-,-,-,22.51055556,84.51666667,25-05-2010 00:00,"",
1185,Thethai Thangar,CGWB,20,Jharkhand,331,GUMLA,THETHAITANGAR,THETHAITANGAR,Thethai Thangar,-,-,-,-,-,-,22.51055556,84.51666667,25-05-2012 00:00,"",
1186,Tisri,CGWB,20,Jharkhand,329,GIRIDIH,TISRI,TISRI,Tisri,-,-,-,-,-,-,24.57916667,86.06611111,25-05-2003 00:00,"",
1187,Topchanchi,CGWB,20,Jharkhand,325,DHANBAD,TOPCHANCHI,TOPCHANCHI,Topchanchi,-,-,-,-,-,-,23.90000000,86.20000000,25-05-2000 00:00,"",
1188,Topchanchi,CGWB,20,Jharkhand,325,DHANBAD,TOPCHANCHI,TOPCHANCHI,Topchanchi,-,-,-,-,-,-,23.90000000,86.20000000,25-05-2002 00:00,"",
1189,Topchanchi,CGWB,20,Jharkhand,325,DHANBAD,TOPCHANCHI,TOPCHANCHI,Topchanchi,-,-,-,-,-,-,23.90000000,86.20000000,25-05-2003 00:00,"",
1190,Topchanchi,CGWB,20,Jharkhand,325,DHANBAD,TOPCHANCHI,TOPCHANCHI,Topchanchi,-,-,-,-,-,-,23.90000000,86.20000000,25-05-2004 00:00,"",
1191,Topchanchi,CGWB,20,Jharkhand,325,DHANBAD,TOPCHANCHI,TOPCHANCHI,Topchanchi,-,-,-,-,-,-,23.90000000,86.20000000,25-05-2006 00:00,"",
1192,Topchanchi,CGWB,20,Jharkhand,325,DHANBAD,TOPCHANCHI,TOPCHANCHI,Topchanchi,-,-,-,-,-,-,23.90000000,86.20000000,25-05-2007 00:00,"",
1193,Topchanchi,CGWB,20,Jharkhand,325,DHANBAD,TOPCHANCHI,TOPCHANCHI,Topchanchi,-,-,-,-,-,-,23.90000000,86.20000000,25-05-2012 00:00,"",
1194,Torpa,CGWB,20,Jharkhand,339,RANCHI,TORPA,TORPA,Torpa,-,-,-,-,-,-,22.92805556,85.11000000,25-05-2012 00:00,"",
1195,Torpa,CGWB,20,Jharkhand,339,RANCHI,TORPA,TORPA,Torpa,-,-,-,-,-,-,22.92805556,85.11000000,25-05-2013 00:00,"",
1196,Tundi,CGWB,20,Jharkhand,325,DHANBAD,TUNDI,TUNDI,Tundi,-,-,-,-,-,-,23.98333333,86.43333333,25-05-2003 00:00,"",
1197,Tundi,CGWB,20,Jharkhand,325,DHANBAD,TUNDI,TUNDI,Tundi,-,-,-,-,-,-,23.98333333,86.43333333,25-05-2006 00:00,"",
1198,Tundi,CGWB,20,Jharkhand,325,DHANBAD,TUNDI,TUNDI,Tundi,-,-,-,-,-,-,23.98333333,86.43333333,25-05-2012 00:00,"",
1199,Tundi,CGWB,20,Jharkhand,325,DHANBAD,TUNDI,TUNDI,Tundi,-,-,-,-,-,-,23.98333333,86.43333333,25-05-2013 00:00,"",
1200,Tutilawa,CGWB,20,Jharkhand,323,CHATRA,SIMARIA,SIMARIA,Tutilawa,-,-,-,-,-,-,24.04166667,85.04583333,25-05-2008 00:00,"",
1201,Tutilawa,CGWB,20,Jharkhand,323,CHATRA,SIMARIA,SIMARIA,Tutilawa,-,-,-,-,-,-,24.04166667,85.04583333,25-05-2009 00:00,"",
1202,Tutilawa,CGWB,20,Jharkhand,323,CHATRA,SIMARIA,SIMARIA,Tutilawa,-,-,-,-,-,-,24.04166667,85.04583333,25-05-2010 00:00,"",
1203,Tutilawa,CGWB,20,Jharkhand,323,CHATRA,SIMARIA,SIMARIA,Tutilawa,-,-,-,-,-,-,24.04166667,85.04583333,25-05-2011 00:00,"",
1204,Tutilawa1,CGWB,20,Jharkhand,323,CHATRA,SIMARIA,SIMARIA,Tutilawa,-,-,-,-,-,-,24.05833333,85.04583333,25-05-2012 00:00,"",
1205,Udvababutala,CGWB,20,Jharkhand,340,Sahebganj,RAJMAHAL,RAJMAHAL,Udvababutala,-,-,-,-,-,-,24.92972222,87.85583333,25-05-2012 00:00,"",
