{
  "grid_km": 5.0,
  "radius_km": 25.0,
  "min_stations": 5,
  "sigma_km": 12.0,
  "dem_smooth_km": 10.0,
  "subdued_factor": 0.5,
  "n_stations": 398,
  "grid_shape": [
    82,
    97
  ],
  "cells_in_jh": 3247,
  "station_cells": 2416,
  "dem_cells": 831,
  "dtw_cells_in_jh": 2862,
  "median_fit_r2": 0.734009246848853,
  "gradient_i_pctiles": [
    0.0012076354451020603,
    0.002970530015259203,
    0.007641040841900164
  ],
  "seasonal_amp_pctiles": [
    0.006413392611885031,
    0.02388052245259397,
    0.0908790471025516
  ],
  "dtw_shallow_pctiles_m": [
    1.99,
    3.41,
    4.85
  ]
}